Country,Code,Numeric Code,Latitude,Longitude,Radius
Aruba,AW,533,12.518541555437206,-69.98093967624072,25
Afghanistan,AF,004,33.78281859109946,65.88666613833935,500
Afghanistan,AF,004,33.78281859109946,69.49038464296066,500
Angola,AO,024,-13.458748924690516,16.36090872256691,500
Angola,AO,024,-13.458748924690518,19.42883737123309,500
Angola,AO,024,-8.922225292141297,16.28940654343898,500
Angola,AO,024,-8.922225292141299,19.500339550361023,500
Anguilla,AI,660,18.22053556948447,-63.069825180910016,25
Åland Islands,AX,248,60.20797680192136,19.969907279374063,25
Åland Islands,AX,248,60.20797680192136,20.16046381442594,25
Albania,AL,008,40.29888490927122,20.12481600722864,72
Albania,AL,008,41.595420725842295,20.141491867796056,72
Albania,AL,008,41.99649699332363,20.14687595949089,72
Andorra,AD,020,42.53848448755753,1.5772680887687254,25
United Arab Emirates,AE,784,24.3333460760855,53.450413325935166,191
United Arab Emirates,AE,784,24.3333460760855,54.50593433036484,191
Argentina,AR,032,-50.32603610931595,-66.54428414961131,500
Argentina,AR,032,-50.32603610931595,-60.700540069088696,500
Argentina,AR,032,-41.3865056012892,-67.59363663158464,500
Argentina,AR,032,-41.3865056012892,-59.65118758711537,500
Argentina,AR,032,-45.856270855302576,-63.097735868363344,250.0
Argentina,AR,032,-32.419154525671104,-68.25835710268039,500
Argentina,AR,032,-32.419154525671104,-58.98646711601962,500
Argentina,AR,032,-36.90283006348015,-63.29005187380213,250.0
Argentina,AR,032,-26.229472576451798,-68.5711407726247,500
Argentina,AR,032,-26.229472576451798,-58.67368344607531,500
Argentina,AR,032,-29.32431355106145,-63.466020274377854,250.0
Armenia,AM,051,40.04768662277147,44.98316150288532,132
American Samoa,AS,016,-14.308560344801275,-170.69428302733075,25
Antarctica,AQ,010,-83.67147248671886,-134.91932915433182,500
Antarctica,AQ,010,-83.67147248671886,-45.26524115816819,500
Antarctica,AQ,010,-75.85318608214757,-161.372795876675,500
Antarctica,AQ,010,-74.52787231475538,-126.59158977330132,500
Antarctica,AQ,010,-73.31210561049656,-94.4563838486699,500
Antarctica,AQ,010,-72.18343871641059,-64.41843567317169,500
Antarctica,AQ,010,-71.12623226910809,-36.094528697025446,500
Antarctica,AQ,010,-79.09967240073712,-130.75545946381658,250.0
Antarctica,AQ,010,-63.37436147266256,-61.553064687408785,500
Antarctica,AQ,010,-62.68446771354294,-41.83766356665143,500
Antarctica,AQ,010,-62.01428298130714,-22.567511913474448,500
Antarctica,AQ,010,-67.1839599328184,-11.802230550961173,500
Antarctica,AQ,010,-68.13449133794686,-73.08531550806903,250.0
Antarctica,AQ,010,-67.25029687088532,-48.823796692217115,250.0
Antarctica,AQ,010,-61.668442140621146,-69.37838379824053,500
Antarctica,AQ,010,-61.02573138688935,-50.72436958343009,500
Antarctica,AQ,010,-65.17565021776612,-10.904949771530802,500
Antarctica,AQ,010,-83.67147248671886,134.91932915433182,500
Antarctica,AQ,010,-74.52787231475538,53.40841022669874,500
Antarctica,AQ,010,-73.31210561049656,85.54361615133017,500
Antarctica,AQ,010,-72.18343871641059,115.58156432682841,500
Antarctica,AQ,010,-71.12623226910809,143.90547130297466,500
Antarctica,AQ,010,-75.85318608214757,161.372795876675,500
Antarctica,AQ,010,-79.09967240073712,49.24454053618349,250.0
Antarctica,AQ,010,-69.14691383112839,12.671009411919837,500
Antarctica,AQ,010,-68.24749138040013,37.243350385149,500
Antarctica,AQ,010,-67.38720790024433,60.89496100282385,500
Antarctica,AQ,010,-66.56174737835121,83.73171850051132,500
Antarctica,AQ,010,-65.7675451198933,105.84100138587029,500
Antarctica,AQ,010,-65.00161605250477,127.29591094086383,500
Antarctica,AQ,010,-64.26143044371572,148.15833027723605,500
Antarctica,AQ,010,-69.14691383112839,167.32899058808025,500
Antarctica,AQ,010,-72.05033873127385,27.935277254237022,250.0
Antarctica,AQ,010,-70.95754010749985,57.15168561476129,250.0
Antarctica,AQ,010,-69.93692649442389,84.63766732592075,250.0
Antarctica,AQ,010,-68.97549191815195,110.71128285634936,250.0
Antarctica,AQ,010,-68.06392416080644,135.60069112191925,250.0
French Southern Territories,TF,260,-47.99068292212465,54.19192607328471,189
French Southern Territories,TF,260,-47.93491037600079,59.253132078499725,189
French Southern Territories,TF,260,-47.879246045317814,64.30890540829881,189
French Southern Territories,TF,260,-47.99068292212465,68.02282002051528,189
Antigua and Barbuda,AG,028,17.083032123265312,-61.78661842528343,25
Antigua and Barbuda,AG,028,17.631363068521356,-61.807962363316996,25
Australia,AU,036,-34.5182465953827,118.35628264155909,500
Australia,AU,036,-34.276342113273,129.2288489847717,500
Australia,AU,036,-34.03659999625395,140.07050194185214,500
Australia,AU,036,-34.5182465953827,148.16881501444092,500
Australia,AU,036,-25.53458057988679,117.88405039175737,500
Australia,AU,036,-25.366123213594275,127.82532499509381,500
Australia,AU,036,-25.198930623986232,137.75289615513879,500
Australia,AU,036,-25.032989958410063,147.66698763073728,500
Australia,AU,036,-29.942184904488485,123.09080381832645,250.0
Australia,AU,036,-29.737636368629616,133.49087256995523,250.0
Australia,AU,036,-29.534794977332005,143.8687447862947,250.0
Australia,AU,036,-16.53479672435218,117.59268486735199,500
Australia,AU,036,-16.42991888264893,126.95785426430636,500
Australia,AU,036,-16.32574255098985,136.31802345081482,500
Australia,AU,036,-16.222262319838848,145.6732617684091,500
Australia,AU,036,-16.53479672435218,148.932412788648,500
Australia,AU,036,-20.98224973126786,122.42095232803186,250.0
Australia,AU,036,-20.84593288229206,132.0716742229543,250.0
Australia,AU,036,-20.710596471912538,141.71307896177393,250.0
Australia,AU,036,-14.433955321888252,126.82302462634932,500
Australia,AU,036,-14.34299795755925,136.09484429386126,500
Australia,AU,036,-14.252637358693496,145.36294109641776,500
Australia,AU,036,-14.525513866955423,148.97766649760376,500
Australia,AU,036,-15.484376023120216,122.20785474685066,250.0
Australia,AU,036,-15.386458420104091,131.5263492790838,250.0
Australia,AU,036,-15.289189954841675,140.8404822736163,250.0
Australia,AU,036,-54.61077698197632,158.89762043533477,25
Australia,AU,036,-41.79395827934135,146.234437932885,200
Austria,AT,040,47.684304330453806,11.455508110407036,145
Austria,AT,040,47.684304330453806,15.215878608392963,145
Azerbaijan,AZ,031,40.12273884693734,47.04441561936912,194
Azerbaijan,AZ,031,40.12273884693734,48.089764068230885,194
Burundi,BI,108,-3.5510947562239403,29.91378158294645,100
Burundi,BI,108,-3.2169383075943085,29.913473435875837,100
Belgium,BE,056,51.09260933480615,3.1672362015722784,45
Belgium,BE,056,51.08908082738488,4.4518305978079455,45
Belgium,BE,056,51.09260933480615,5.250146610927722,45
Belgium,BE,056,50.15396702503246,3.876956924634138,73
Belgium,BE,056,50.15396702503246,5.342964950365862,73
Belgium,BE,056,50.83815324820825,4.3280226439497085,25
Benin,BJ,204,7.724188252269199,2.277067438530831,167
Benin,BJ,204,10.742925840499641,2.2900089081719432,167
Burkina Faso,BF,854,12.236514561625201,-2.6468220378918605,313
Burkina Faso,BF,854,12.236514561625201,-0.4875529621081397,313
Bangladesh,BD,050,22.85187130549842,90.26002537910874,230
Bangladesh,BD,050,24.47838593473436,90.28788263031052,230
Bulgaria,BG,100,42.72271518432113,24.38314583913293,167
Bulgaria,BG,100,42.72271518432113,26.546248692167072,167
Bahrain,BH,048,26.02659127502845,50.53480654784003,25
Bahamas,BS,044,23.707046154770456,-75.94830053351932,310
Bosnia and Herzegovina,BA,070,43.736184962011066,17.861427956559684,132
Bosnia and Herzegovina,BA,070,44.07688165462071,17.870782903874023,132
Bosnia and Herzegovina,BA,070,43.74546927747626,17.34792138463959,130
Saint Barthélemy,BL,652,17.89872682138441,-62.83757824005663,25
Belarus,BY,112,53.63518837827568,27.289392162713252,272
Belarus,BY,112,53.63518837827568,28.595959399886745,272
Belize,BZ,084,16.583255216316346,-88.52056330786927,77
Belize,BZ,084,17.78530723474385,-88.51592487936094,77
Bermuda,BM,060,32.32322951422852,-64.76564433318661,25
"Bolivia, Plurinational State of",BO,068,-18.31674829417783,-64.91544180924656,500
"Bolivia, Plurinational State of",BO,068,-18.31674829417783,-62.22591561265343,500
"Bolivia, Plurinational State of",BO,068,-14.185437800368303,-65.01348813201638,500
"Bolivia, Plurinational State of",BO,068,-14.185437800368305,-62.12786928988361,500
Brazil,BR,076,-28.93759385574954,-58.59760280841381,500
Brazil,BR,076,-28.742800835728346,-48.35207984437129,500
Brazil,BR,076,-20.01047687616168,-59.659365796326426,500
Brazil,BR,076,-19.881901884356356,-50.10732674803711,500
Brazil,BR,076,-19.754220350684747,-40.562954857822135,500
Brazil,BR,076,-24.409747870052946,-54.35246477822546,250.0
Brazil,BR,076,-24.248510593206547,-44.45751735109671,250.0
Brazil,BR,076,-11.133179424552711,-69.42471556817607,500
Brazil,BR,076,-11.063606462469451,-60.271675122937225,500
Brazil,BR,076,-10.99447877949182,-51.12078442297856,500
Brazil,BR,076,-10.92579332603456,-41.97201553147524,500
Brazil,BR,076,-11.133179424552713,-39.38280396312394,500
Brazil,BR,076,-15.502477827826748,-55.39007510965249,250.0
Brazil,BR,076,-2.1192631088075484,-69.50741435203635,500
Brazil,BR,076,-2.106172890626089,-60.5181981119593,500
Brazil,BR,076,-2.0931635973454688,-51.5290565867855,500
Brazil,BR,076,-2.080234727399368,-42.53998885495633,500
Brazil,BR,076,-2.1192631088075493,-39.30010517926365,500
Brazil,BR,076,-6.6196761575894,-64.97145684006769,250.0
Brazil,BR,076,-6.57838502990746,-55.90036585486136,250.0
Brazil,BR,076,0.7339826204797872,-69.5101074968903,500
Brazil,BR,076,0.7294507031932224,-60.526227710061306,500
Brazil,BR,076,0.7249467707537715,-51.54235687305294,500
Brazil,BR,076,0.7204706503003068,-42.558494875666184,500
Brazil,BR,076,0.7339826204797861,-39.29741203440971,500
Brazil,BR,076,-0.6949062028071631,-65.01682103104883,250.0
Brazil,BR,076,-0.6906130599361586,-56.030277492506116,250.0
Brazil,BR,076,-0.686346473522581,-47.04377573122584,250.0
Barbados,BB,052,13.18991867939183,-59.53721534485162,25
Brunei Darussalam,BN,096,4.522996520032486,114.56848481409064,56
Brunei Darussalam,BN,096,4.522996520032486,114.82214018590938,56
Bhutan,BT,064,27.503437318353114,89.64962517348046,90
Bhutan,BT,064,27.503437318353114,91.17254279521956,90
Botswana,BW,072,-22.286273172410127,24.8070250402354,498
Central African Republic,CF,140,6.614314838209141,18.79895033979464,483
Central African Republic,CF,140,6.61431483820914,23.03552231650536,483
Canada,CA,124,45.62936515027507,-121.68279131752989,500
Canada,CA,124,45.271348295587096,-108.90619916806847,500
Canada,CA,124,44.91772135445185,-96.20903185189805,500
Canada,CA,124,44.568377796838554,-83.58888160336534,500
Canada,CA,124,44.22321555272076,-71.04344695402088,500
Canada,CA,124,45.9918831924625,-59.11448130382064,500
Canada,CA,124,54.912843659068734,-133.18959222363222,500
Canada,CA,124,54.416788259516316,-117.70785786638203,500
Canada,CA,124,53.92959312570922,-102.40972695819259,500
Canada,CA,124,53.45089943938988,-87.28669221656914,500
Canada,CA,124,52.98037294001464,-72.33084425825078,500
Canada,CA,124,54.912843659068734,-60.466218323767784,500
Canada,CA,124,50.20433572598941,-126.1245935549807,250.0
Canada,CA,124,49.77947913799214,-112.04625913786124,250.0
Canada,CA,124,49.36112386748849,-98.09644569231881,250.0
Canada,CA,124,48.949047147233244,-84.26993805507442,250.0
Canada,CA,124,49.740610727953644,-72.02754996356656,250.0
Canada,CA,124,63.78132034734354,-130.81982843234073,500
Canada,CA,124,63.079370089391915,-110.83081740393723,500
Canada,CA,124,62.39801323985964,-91.30859179831752,500
Canada,CA,124,61.73575522621192,-72.2167675442812,500
Canada,CA,124,63.78132034734354,-62.83598211505929,500
Canada,CA,124,58.99610687423032,-122.01020481378472,250.0
Canada,CA,124,58.40740074968798,-104.50822483234978,250.0
Canada,CA,124,57.83267417596057,-87.3132472512369,250.0
Canada,CA,124,58.61610989336671,-75.06133716581421,250.0
Canada,CA,124,72.5387792917961,-125.92056019943557,500
Canada,CA,124,71.45995300298638,-97.0788459269388,500
Canada,CA,124,72.5387792917961,-67.73525034796445,500
Canada,CA,124,67.62063667516496,-113.94933717963977,250.0
Canada,CA,124,67.809074690594,-89.28303387595085,250.0
Canada,CA,124,77.79870371780125,-119.32630943668511,500
Canada,CA,124,77.79870371780125,-74.3295011107149,500
Cocos (Keeling) Islands,CC,166,-12.162983855241432,96.87559276624683,25
Switzerland,CH,756,46.79400902728663,7.397773702451931,109
Switzerland,CH,756,46.79400902728663,9.026835672598068,109
Chile,CL,152,-51.248835097402726,-68.64649632241942,493
Chile,CL,152,-42.43626858165452,-69.72017891645943,493
Chile,CL,152,-33.596062760096935,-70.40203644360916,493
Chile,CL,152,-24.735293781179287,-70.84086215216105,493
Chile,CL,152,-21.890380084256343,-70.9435905594767,493
Chile,CL,152,-33.621435340713646,-78.87914039317967,25
Chile,CL,152,-27.119784629208308,-109.32844296262242,25
China,CN,156,24.535131549919907,88.42367032362083,500
China,CN,156,24.374129034010366,98.28541802661016,500
China,CN,156,24.214316628963427,108.13474930259198,500
China,CN,156,24.055682654343755,117.97186257870973,500
China,CN,156,33.68274141417237,79.00196311854145,500
China,CN,156,33.44825475735955,89.76929666149245,500
China,CN,156,33.21582471717714,100.50786434076517,500
China,CN,156,32.98542263537069,111.21824398722585,500
China,CN,156,32.757020529371474,121.90099800876688,500
China,CN,156,29.072795398473183,84.15930025009715,250.0
China,CN,156,28.875478133548526,94.465767332193,250.0
China,CN,156,28.679775834690528,104.751831006918,250.0
China,CN,156,28.485668579167452,115.01787365567944,250.0
China,CN,156,28.869212034258062,123.66478371443414,250.0
China,CN,156,42.64667571611523,79.70969599606568,500
China,CN,156,42.32367387142205,91.86718575672013,500
China,CN,156,42.00426505436726,103.9631051441301,500
China,CN,156,41.68837410852278,115.99911682807108,500
China,CN,156,41.37592859374052,127.97681931073573,500
China,CN,156,42.64667571611523,128.64997197263432,500
China,CN,156,38.00320764279721,85.4345744376308,250.0
China,CN,156,37.7262599058634,96.86620090281127,250.0
China,CN,156,37.45209941284996,108.25349058441813,250.0
China,CN,156,37.180675614555604,119.59753164898079,250.0
China,CN,156,37.70184812274336,125.27548499070059,250.0
China,CN,156,48.8591341503017,80.43052244796219,500
China,CN,156,48.458848454904995,93.99557938950547,500
China,CN,156,48.06408248239414,107.45537645924652,500
China,CN,156,47.67467761685132,120.81356920533727,500
China,CN,156,48.8591341503017,127.92914552073783,500
China,CN,156,45.55276208551011,86.85263769278558,250.0
China,CN,156,44.83947133560929,112.38833717473369,250.0
China,CN,156,45.27375412941224,121.96413117440446,250.0
China,CN,156,19.17523432279979,109.65294136190097,107
China,CN,156,19.17523432279979,109.99637504409904,107
Côte d'Ivoire,CI,384,7.361392503483729,-5.582907523583672,334
Cameroon,CM,120,5.417605891063616,12.276010891515071,415
Cameroon,CM,120,9.306793588420552,12.308827354228905,415
"Congo, The Democratic Republic of the",CD,180,-8.905856139453308,16.75980919578835,500
"Congo, The Democratic Republic of the",CD,180,-8.8504451809868,25.851057230237675,500
"Congo, The Democratic Republic of the",CD,180,0.10893991773602144,16.70525637687137,500
"Congo, The Democratic Republic of the",CD,180,0.10826731110131049,25.688425231238604,500
"Congo, The Democratic Republic of the",CD,180,-4.398794414175999,21.224117213513477,250.0
Congo,CG,178,-1.230559824902983,14.869315787222899,417
Congo,CG,178,-0.08368532265568589,14.868461945370377,417
Cook Islands,CK,184,-21.2179605383749,-159.7896616438412,25
Colombia,CO,170,0.2849487100036044,-74.53380774314914,500
Colombia,CO,170,0.2849487100036032,-71.36765710055087,500
Colombia,CO,170,7.889347568451644,-74.49114061057435,500
Colombia,CO,170,7.889347568451642,-71.41032423312566,500
Colombia,CO,170,4.087148139227623,-72.9720659881374,250.0
Colombia,CO,170,12.512451367467737,-81.0118014409595,150
Colombia,CO,170,13.97036194818182,-81.00357523950909,150
Comoros,KM,174,-11.867901162764976,43.74063226292253,56
Comoros,KM,174,-11.867901162764976,44.01278570587747,56
Cabo Verde,CV,132,16.00245859149409,-24.108281890082374,132
Costa Rica,CR,188,9.626525371478628,-84.33186831016616,173
Cuba,CU,192,21.513565069703315,-83.10163660980328,185
Cuba,CU,192,21.494477006139952,-79.5308454348154,185
Cuba,CU,192,21.475407518882776,-75.96051967552124,185
Christmas Island,CX,162,-10.497404385186512,105.6547514311049,25
Cayman Islands,KY,136,19.518605516978628,-81.15232728190641,28
Cayman Islands,KY,136,19.518212046514904,-80.6187992202242,28
Cayman Islands,KY,136,19.517818584608825,-80.0852724495658,28
Cayman Islands,KY,136,19.518605516978628,-80.0090496712936,28
Cyprus,CY,196,35.33052543678366,33.11964943425448,37
Cyprus,CY,196,35.32915566571935,33.9335473795445,37
Cyprus,CY,196,35.33052543678366,34.14910056574553,37
Cyprus,CY,196,34.87552821917781,32.683799839913966,35
Cyprus,CY,196,34.874322921493174,33.44943801348531,35
Cyprus,CY,196,34.87552821917781,33.66737203508604,35
Czechia,CZ,203,49.79151378262204,13.992585496399915,137
Czechia,CZ,203,49.79151378262204,16.929387159900088,137
Germany,DE,276,49.842254104850426,9.924932513852966,293
Germany,DE,276,52.34816569843418,10.151333614832835,293
Djibouti,DJ,262,11.753454945630349,42.58425857953693,90
Dominica,DM,212,15.430172334083972,-61.36622576260672,25
Denmark,DK,208,55.150622937502945,14.90981594256971,25
Denmark,DK,208,55.83151569143627,10.281216180026451,136
Denmark,DK,208,56.496237752204735,10.31885947722847,136
Dominican Republic,DO,214,18.770968300873882,-70.79585046225081,127
Dominican Republic,DO,214,18.770968300873882,-69.5437003189492,127
Algeria,DZ,012,23.42564197925442,-3.789956347080295,500
Algeria,DZ,012,23.272782454787666,5.988397543326799,500
Algeria,DZ,012,32.41359325297694,-3.365764324838711,500
Algeria,DZ,012,32.41359325297694,6.650285809258711,500
Algeria,DZ,012,27.91961761611568,1.430164731089208,250.0
Ecuador,EC,218,-2.112201869763467,-78.10518709733866,318
Ecuador,EC,218,-0.60803146182697,-90.91749065290028,82
Ecuador,EC,218,-0.6080314618269701,-89.99603473769972,82
Egypt,EG,818,26.420957959836702,29.716611133708476,500
Egypt,EG,818,26.420957959836702,31.857998241391517,500
Eritrea,ER,232,15.1724543788449,39.33014604312178,312
Eritrea,ER,232,15.1724543788449,40.21331098807823,312
Western Sahara,EH,732,24.186117387043716,-13.358356000089657,380
Western Sahara,EH,732,24.186117387043716,-12.422552203060343,380
Spain,ES,724,28.438811290717908,-17.25200922086364,89
Spain,ES,724,28.432747707177814,-15.435011614175902,89
Spain,ES,724,28.438811290717908,-14.331486872836361,89
Spain,ES,724,39.787670217871266,-4.213030991206817,430
Spain,ES,724,39.787670217871266,-1.7158752587931831,430
Spain,ES,724,39.36340065578619,3.405385377660139,79
Estonia,EE,233,58.56633783607676,23.882416738905757,118
Estonia,EE,233,58.56633783607676,26.123149667394244,118
Ethiopia,ET,231,7.952658896607389,37.533918674225234,500
Ethiopia,ET,231,7.952658896607388,43.443229763374774,500
Ethiopia,ET,231,10.30034425455429,37.56374049288804,500
Ethiopia,ET,231,10.300344254554288,43.41340794471196,500
Ethiopia,ET,231,9.12650157558084,40.4736633094686,250.0
Finland,FI,246,61.62675206814307,24.536148510691735,208
Finland,FI,246,65.34880924764371,25.081803896579093,208
Finland,FI,246,68.12493990221827,25.61524221176124,208
Fiji,FJ,242,-19.819190229892886,-179.1071895919257,94
Fiji,FJ,242,-18.120985215718502,-179.11618715363286,94
Fiji,FJ,242,-16.97359770134343,-179.12173277166391,94
Fiji,FJ,242,-19.02007549419844,177.38179731738688,295
Fiji,FJ,242,-15.126724738141844,177.32435908392827,295
Falkland Islands (Malvinas),FK,238,-51.7859836969909,-60.30448351676867,58
Falkland Islands (Malvinas),FK,238,-51.7859836969909,-58.63233288953134,58
France,FR,250,46.257794074256815,1.0966985978751285,452
France,FR,250,41.753039714674244,9.051159932134015,41
France,FR,250,42.49124849815696,9.056829006876699,41
France,FR,250,42.65135426061166,9.058086960516382,41
Faroe Islands,FO,234,61.65569247069682,-6.9258638906601835,27
Faroe Islands,FO,234,62.11248340350816,-6.918407193727404,27
"Micronesia, Federated States of",FM,583,7.430099912892839,140.22695502170208,239
"Micronesia, Federated States of",FM,583,7.419544942098944,144.55695943316107,239
"Micronesia, Federated States of",FM,583,7.409005127423444,148.88686075266037,239
"Micronesia, Federated States of",FM,583,7.398480446407267,153.2166592785847,239
"Micronesia, Federated States of",FM,583,7.387970876627627,157.5463553084343,239
"Micronesia, Federated States of",FM,583,7.430099912892839,160.8284160722979,239
Gabon,GA,266,-1.0030161891444682,11.589967452830201,322
United Kingdom,GB,826,56.31542419239621,-4.5686610093326525,185
United Kingdom,GB,826,59.13158847799419,-4.328014894801458,185
United Kingdom,GB,826,54.64211648339207,-7.107033069964769,67
United Kingdom,GB,826,54.64211648339207,-6.5082013050352305,67
United Kingdom,GB,826,52.058209610912535,-2.2729237669546287,232
United Kingdom,GB,826,53.67236974810911,-2.144819657840045,232
Georgia,GE,268,42.30773639641311,41.66429215777503,139
Georgia,GE,268,42.30773639641311,44.98658674852497,139
Guernsey,GG,831,49.46763216272534,-2.5792767766819775,25
Ghana,GH,288,6.945734096715007,-1.054066471673206,242
Ghana,GH,288,8.97243790892134,-1.0432747123910848,242
Gibraltar,GI,292,36.131807984001945,-5.352004714417031,25
Guinea,GN,324,9.933813307058816,-12.297259450084514,302
Guinea,GN,324,9.933813307058816,-10.435162424885483,302
Guadeloupe,GP,312,16.193058785039135,-61.4838450755501,34
Gambia,GM,270,13.437841758176338,-16.436962206668838,42
Gambia,GM,270,13.437244580713509,-15.661278684601557,42
Gambia,GM,270,13.436647430750186,-14.885597081842901,42
Gambia,GM,270,13.437841758176338,-14.214551465231159,42
Guinea-Bissau,GW,624,11.808666868754772,-15.821733962474758,97
Guinea-Bissau,GW,624,11.808666868754772,-14.563617599925244,97
Equatorial Guinea,GQ,226,1.6321640080686075,10.059945602578921,75
Equatorial Guinea,GQ,226,1.6321640080686075,10.661343459921081,75
Equatorial Guinea,GQ,226,3.4793125485672673,8.692401495929497,29
Greece,GR,300,38.081046443609054,23.71598390825411,357
Grenada,GD,308,12.122716157041886,-61.694641949397315,25
Greenland,GL,304,69.38816747319214,-63.51181242819092,365
Greenland,GL,304,75.8059835795134,-59.39647880626275,365
Greenland,GL,304,79.80038885402159,-54.07131868677765,365
Guatemala,GT,320,15.652627657998138,-90.25423203155601,213
French Guiana,GF,254,3.612010431880926,-53.13897506123563,165
French Guiana,GF,254,4.288700742251314,-53.137777469471594,165
Guam,GU,316,13.439900638139438,144.7949574060807,25
Guyana,GY,328,3.648712145296582,-58.95902215933243,271
Guyana,GY,328,6.093351373696942,-58.95021600456932,271
Hong Kong,HK,344,22.37989819188632,114.08162142088612,25
Heard Island and McDonald Islands,HM,334,-53.07507724712068,73.54522069140681,25
Honduras,HN,340,14.739579535707477,-87.54236218641638,196
Honduras,HN,340,14.739579535707477,-84.97775500098362,196
Croatia,HR,191,44.43190478058008,16.351537235421603,226
Haiti,HT,332,19.063283805338582,-73.39500479083173,114
Haiti,HT,332,19.063283805338582,-72.72843270916826,114
Hungary,HU,348,47.13495516077736,18.149605760609276,156
Hungary,HU,348,47.13495516077736,20.820120801990726,156
Indonesia,ID,360,-6.369037762673837,99.72598281614229,500
Indonesia,ID,360,-6.3295598860936915,108.76414929405966,500
Indonesia,ID,360,-6.2903286202620885,117.8016324488002,500
Indonesia,ID,360,-6.251342389102919,126.83844084288756,500
Indonesia,ID,360,-6.212599627275007,135.8745829296966,500
Indonesia,ID,360,1.381106634932773,99.699516208931,500
Indonesia,ID,360,1.3725779746399622,108.685243352607,500
Indonesia,ID,360,1.3641020000687207,117.6709387930824,500
Indonesia,ID,360,1.3556783853993906,126.65660292095254,500
Indonesia,ID,360,1.3473068068337741,135.6422361219965,500
Indonesia,ID,360,-2.498229894016937,104.20561308437465,250.0
Indonesia,ID,360,-2.4827289430124853,113.21754404357102,250.0
Indonesia,ID,360,-2.467325117431349,122.22911768487637,250.0
Indonesia,ID,360,-2.4520177911345726,131.24033848244204,250.0
Isle of Man,IM,833,54.2327312047061,-4.562614490407882,25
India,IN,356,12.55911870475286,72.76622989520291,500
India,IN,356,12.480372727752265,81.96651211401092,500
India,IN,356,12.402135752843924,91.16402587521044,500
India,IN,356,12.559118704752859,92.74236385479709,500
India,IN,356,21.564242451680425,72.99324899725808,500
India,IN,356,21.424755952688347,82.64274398136745,500
India,IN,356,21.286257955086285,92.283122043606,500
India,IN,356,16.991937328720603,77.70448693828519,250.0
India,IN,356,16.883315341419276,87.12481707880846,250.0
India,IN,356,30.55571442940492,73.37826567896104,500
India,IN,356,30.34781464606702,83.78806603730783,500
India,IN,356,30.55571442940492,92.13032807103896,500
India,IN,356,25.956028548873725,78.39065751728296,250.0
India,IN,356,25.990235191046633,87.3865360262032,250.0
India,IN,356,7.354108920254316,93.3185353811625,67
British Indian Ocean Territory,IO,086,-7.327874954032791,72.424138794021,25
Ireland,IE,372,52.70529163345828,-8.343868347226348,139
Ireland,IE,372,54.09857858960226,-8.275874913584971,139
"Iran, Islamic Republic of",IR,364,29.514033406548617,49.18207958304291,500
"Iran, Islamic Republic of",IR,364,29.514033406548617,58.14633838565708,500
"Iran, Islamic Republic of",IR,364,35.138934319133,49.51247938662328,500
"Iran, Islamic Republic of",IR,364,35.138934319133,57.81593858207672,500
"Iran, Islamic Republic of",IR,364,32.32648386284081,53.499009082559816,250.0
Iraq,IQ,368,32.883491836475905,43.39834939832603,433
Iceland,IS,352,64.9211284141651,-20.796102314693048,174
Iceland,IS,352,64.9211284141651,-17.235684794606957,174
Israel,IL,376,30.178528134217544,35.05066082719483,78
Israel,IL,376,31.58547255821934,35.062517662878165,78
Israel,IL,376,32.72570855312107,35.07275710684409,78
Italy,IT,380,37.487542064243705,13.453203852244181,90
Italy,IT,380,37.487542064243705,14.61701099155582,90
Italy,IT,380,41.86375158534916,12.049041252946662,450
Italy,IT,380,42.90003254361543,12.139208787835404,450
Italy,IT,380,36.79451761936179,11.993811379643244,25
Jamaica,JM,388,18.118118487340784,-77.91430841545666,45
Jamaica,JM,388,18.11718023416951,-77.06392473682872,45
Jamaica,JM,388,18.118118487340784,-76.63598455324335,45
Jersey,JE,832,49.21803588411707,-2.1229862467748646,25
Jordan,JO,400,31.004377253143627,37.06625877131236,203
Jordan,JO,400,31.523962779864544,37.07788666615772,203
Japan,JP,392,34.59425751838075,134.05100327675154,496
Japan,JP,392,40.85083579053862,134.5274224034724,496
Japan,JP,392,26.37255006396721,126.04465130412437,236
Japan,JP,392,26.37255006396721,127.34978228987565,236
Japan,JP,392,43.432353414396054,142.62504029271471,227
Japan,JP,392,37.39056311821572,135.91680270818767,445
Japan,JP,392,33.08734269344216,139.82126420874286,25
Japan,JP,392,26.671061634985676,142.15461569136252,25
Kazakhstan,KZ,398,44.93313063937289,52.94969010057566,500
Kazakhstan,KZ,398,44.583601507429584,65.57316710133294,500
Kazakhstan,KZ,398,44.23825807300588,78.12182976622448,500
Kazakhstan,KZ,398,44.93313063937289,80.98234114942434,500
Kazakhstan,KZ,398,50.681077523821564,53.694357446909514,500
Kazakhstan,KZ,398,50.254532138130585,67.7687356296175,500
Kazakhstan,KZ,398,50.681077523821564,80.2376738030905,500
Kazakhstan,KZ,398,47.59383138875174,60.35921286509658,250.0
Kazakhstan,KZ,398,47.632339515625574,72.90542045221173,250.0
Kenya,KE,404,-0.684470163889748,37.87403979777461,443
Kenya,KE,404,1.4824960434464496,37.875081462481106,443
Kyrgyzstan,KG,417,41.19332780206433,71.89971917669563,224
Kyrgyzstan,KG,417,41.13147456274518,77.23718531619227,224
Cambodia,KH,116,12.549386997384921,104.50972470053568,238
Cambodia,KH,116,12.54938699738492,105.41547061246432,238
Kiribati,KI,296,0.9420197659420554,171.71513296039632,244
Kiribati,KI,296,0.9420197659420547,172.58672250860369,244
Kiribati,KI,296,-6.914624213412766,-170.0164869037252,500
Kiribati,KI,296,-6.871734362905169,-160.9684320830042,500
Kiribati,KI,296,-6.9146242134127665,-156.3069505972748,500
Kiribati,KI,296,-0.596400740998716,-170.0490016782461,500
Kiribati,KI,296,-0.5927183771638795,-161.06536888622256,500
Kiribati,KI,296,-0.5964007409987171,-156.27443582275387,500
Kiribati,KI,296,-3.7536712952883224,-165.5409278949739,250.0
Kiribati,KI,296,-3.7340675519519433,-158.62143395287904,250.0
Saint Kitts and Nevis,KN,659,17.251529099996244,-62.68647849161658,25
"Korea, Republic of",KR,410,37.5012046979391,130.87222215164806,25
"Korea, Republic of",KR,410,33.37707998153966,126.43428741127107,25
"Korea, Republic of",KR,410,33.37707998153966,126.66258758872895,25
"Korea, Republic of",KR,410,35.690374489229505,127.72258920160715,156
"Korea, Republic of",KR,410,37.205057858395485,127.75626918349126,156
Kuwait,KW,414,29.312277029037013,47.42702610242063,87
Lao People's Democratic Republic,LA,418,17.39414958563937,103.76465325812423,388
Lao People's Democratic Republic,LA,418,18.95411137646868,103.79726873869285,388
Lebanon,LB,422,33.68663249815037,35.83818582877006,68
Lebanon,LB,422,34.06352214396327,35.841400093703136,68
Liberia,LR,430,6.399986725287095,-9.463671905551088,227
Libya,LY,434,23.933507813145418,14.222645406338648,500
Libya,LY,434,23.933507813145418,20.238096781211357,500
Libya,LY,434,28.575551952274644,14.422490998788051,500
Libya,LY,434,28.575551952274644,20.03825118876195,500
Saint Lucia,LC,662,13.905452458655066,-60.9800317408528,25
Liechtenstein,LI,438,47.16404482180303,9.54488814943724,25
Sri Lanka,LK,144,7.0241901847453185,80.78464728851075,119
Sri Lanka,LK,144,8.73523476191165,80.78907868317508,119
Lesotho,LS,426,-29.606834787848836,28.232883223856536,115
Lithuania,LT,440,55.132149524732924,23.110769837053777,141
Lithuania,LT,440,55.132149524732924,24.564718444246232,141
Luxembourg,LU,442,49.69658490451407,6.105649748479691,28
Luxembourg,LU,442,49.914826280885215,6.107364902188338,28
Latvia,LV,428,56.84627933720205,23.211225535246758,134
Latvia,LV,428,56.84627933720205,26.00576665235324,134
Macao,MO,446,22.22074831798021,113.51351920098332,25
Saint Martin (French part),MF,663,18.09213034205219,-63.066242828074095,25
Morocco,MA,504,25.8493123552749,-12.014100275207474,500
Morocco,MA,504,25.8493123552749,-6.054503240442524,500
Morocco,MA,504,31.31422530932947,-11.748411717871674,500
Morocco,MA,504,31.31422530932947,-6.320191797778323,500
Morocco,MA,504,28.581768832302185,-9.167146036492898,250.0
Monaco,MC,492,43.751314335866134,7.408193168316265,25
"Moldova, Republic of",MD,498,46.60745623749165,28.313608610864197,130
"Moldova, Republic of",MD,498,47.29568951217421,28.335479631560016,130
Madagascar,MG,450,-21.968883952744275,47.065594473746735,394
Madagascar,MG,450,-15.610079036995048,46.92494719244727,394
Maldives,MV,462,3.455476359703678,73.4551081799114,25
Maldives,MV,462,3.9076419883733946,73.45514504960892,25
Maldives,MV,462,4.021572396016152,73.45515505916217,25
Mexico,MX,484,19.00232577345474,-113.65202487515596,500
Mexico,MX,484,18.880719677580196,-104.1585144851005,500
Mexico,MX,484,18.759948636125856,-94.67182006397627,500
Mexico,MX,484,19.00232577345474,-91.44563137434403,500
Mexico,MX,484,27.99824937755999,-113.31670501623222,500
Mexico,MX,484,27.810883709477377,-103.16056238543517,500
Mexico,MX,484,27.624984465357475,-93.0217410788936,500
Mexico,MX,484,23.406604741466058,-108.40629363029556,250.0
Mexico,MX,484,23.252852071468837,-98.59012778199704,250.0
Mexico,MX,484,23.37909900684292,-93.22638564862203,250.0
Marshall Islands,MH,584,8.224812634022017,169.27943392014342,269
"Macedonia, Republic of",MK,807,41.59966247392365,21.456235624759465,84
"Macedonia, Republic of",MK,807,41.59966247392365,21.99806125024054,84
Mali,ML,466,14.616686276018882,-7.639475695066665,500
Mali,ML,466,14.616686276018882,-0.40647157058333755,500
Mali,ML,466,20.41451273851713,-7.489305665004194,500
Mali,ML,466,20.41451273851713,-0.5566416006458097,500
Mali,ML,466,17.515599507268007,-4.098058647856237,250.0
Malta,MT,470,35.9478449123038,14.372979465946164,25
Myanmar,MM,104,13.810273960580096,96.23828409464028,439
Myanmar,MM,104,21.72227270552609,96.42142072046036,439
Myanmar,MM,104,24.49263418804891,96.5095252047676,439
Montenegro,ME,499,42.56744285507814,19.376970849937607,78
Montenegro,ME,499,42.836344035421426,19.381039195369443,78
Mongolia,MN,496,45.913101207377295,94.19479658915064,500
Mongolia,MN,496,45.55156622918325,107.03539409673104,500
Mongolia,MN,496,45.913101207377295,113.44621903634936,500
Mongolia,MN,496,47.429565887960514,94.3786278754278,500
Mongolia,MN,496,47.04861224323286,107.57795026044279,500
Mongolia,MN,496,47.429565887960514,113.26238775007222,500
Mongolia,MN,496,46.480856725305074,100.88637342479672,250.0
Northern Mariana Islands,MP,580,14.445503819280406,145.48616332486642,37
Northern Mariana Islands,MP,580,15.114288510466722,145.48718711413287,37
Northern Mariana Islands,MP,580,15.783033659941465,145.4882628446005,37
Northern Mariana Islands,MP,580,16.45173769655724,145.48939130727265,37
Northern Mariana Islands,MP,580,17.120399071883458,145.49057333838107,37
Northern Mariana Islands,MP,580,17.789016261049337,145.49180982096354,37
Northern Mariana Islands,MP,580,18.457587763572615,145.49310168654827,37
Mozambique,MZ,508,-22.274989813051523,35.07406672456699,500
Mozambique,MZ,508,-14.936613201221355,34.869729862538385,500
Mozambique,MZ,508,-14.936613201221355,36.19657873126161,500
Mauritania,MR,478,19.201499509960072,-12.308922513901242,500
Mauritania,MR,478,19.201499509960072,-9.577649751768757,500
Mauritania,MR,478,22.6980321851863,-12.196872008918437,500
Mauritania,MR,478,22.6980321851863,-9.689700256751562,500
Montserrat,MS,500,16.745382584874864,-62.18575470857545,25
Martinique,MQ,474,14.650700450663004,-61.02319988840544,25
Mauritius,MU,480,-20.28720578939581,57.55528295280788,25
Mauritius,MU,480,-20.215605118608572,57.55517407176112,25
Malawi,MW,454,-15.525428045605253,34.319939042126705,177
Malawi,MW,454,-12.327143880660413,34.29739423753975,177
Malawi,MW,454,-10.990937727118698,34.28963125858304,177
Malaysia,MY,458,4.100384718532794,102.87947046825475,359
Malaysia,MY,458,4.087299218932996,109.34575440671877,359
Malaysia,MY,458,4.074255614803731,115.81193374301625,359
Mayotte,YT,175,-12.818979657002346,45.132920073828835,25
Namibia,NA,516,-24.345840890166986,16.649890532235744,500
Namibia,NA,516,-24.345840890166986,20.330578217764256,500
Namibia,NA,516,-21.41499856882305,16.544957751226967,500
Namibia,NA,516,-21.41499856882305,20.435510998773037,500
New Caledonia,NC,540,-20.87759282362764,161.8214971262544,197
New Caledonia,NC,540,-20.856648087495984,165.60765244339092,197
New Caledonia,NC,540,-20.87759282362764,166.2457880297456,197
Niger,NE,562,16.1640173736213,4.8394992500339935,500
Niger,NE,562,16.1640173736213,11.287551531266008,500
Niger,NE,562,18.941101773525187,4.911471621973859,500
Niger,NE,562,18.941101773525187,11.215579159326143,500
Niger,NE,562,17.55255957357324,8.027539204680068,250.0
Norfolk Island,NF,574,-29.055120447412992,167.94830772844597,25
Nigeria,NG,566,8.771218340363387,7.230518993925787,500
Nigeria,NG,566,8.771218340363385,10.082664599824213,500
Nicaragua,NI,558,12.862785483061026,-85.48669439774179,237
Niue,NU,570,-19.0519372323951,-169.87083423486328,25
Netherlands,NL,528,51.94707519629653,5.095196910256702,135
Netherlands,NL,528,52.45327727908904,5.117626170567254,135
Norway,NO,578,61.93966908110814,13.749079960640236,469
Norway,NO,578,66.57924586498116,15.406253038436216,469
Nepal,NP,524,28.35504779303347,82.33663447015495,224
Nepal,NP,524,28.35504779303347,85.87654912364505,224
Nauru,NR,520,-0.520068308267235,166.9327149644641,25
New Zealand,NZ,554,-39.155892641240655,175.80614257329168,268
New Zealand,NZ,554,-36.80662105488864,175.70875624419625,268
New Zealand,NZ,554,-51.53921693927378,167.53239999231937,114
New Zealand,NZ,554,-44.1729508274488,170.66150853978704,335
New Zealand,NZ,554,-44.05999658203215,-176.48302467458453,30
New Zealand,NZ,554,-43.98700201692486,-176.48347181449597,30
Oman,OM,512,20.158948371626945,55.72957443667517,393
Oman,OM,512,22.76261028078187,55.79691962959277,393
Pakistan,PK,586,28.17155027274186,65.93621356976566,500
Pakistan,PK,586,28.17155027274186,71.95577861773435,500
Pakistan,PK,586,32.41711927788549,66.16115206878413,500
Pakistan,PK,586,32.41711927788549,71.73084011871588,500
Panama,PA,591,8.407170346214457,-81.82877076085325,132
Panama,PA,591,8.4035205296115,-79.43164159795988,132
Panama,PA,591,8.407170346214457,-78.39456908284677,132
Pitcairn,PN,612,-24.367917058282973,-128.3201310584578,25
Peru,PE,604,-13.783698951479648,-76.71245452559982,500
Peru,PE,604,-13.78369895147965,-73.30942047430018,500
Peru,PE,604,-4.771290128052053,-76.82949786437366,500
Peru,PE,604,-4.771290128052053,-73.19237713552634,500
Peru,PE,604,-9.27749453976585,-74.95241583056308,250.0
Philippines,PH,608,9.551402011337176,121.52396170382437,500
Philippines,PH,608,16.272219394987285,121.64772220285442,500
Palau,PW,585,4.783069155651524,132.88749000504052,195
Palau,PW,585,5.946049013844254,132.89081253914406,195
Papua New Guinea,PG,598,-6.14796146967328,155.25019134985752,79
Papua New Guinea,PG,598,-5.727816824734614,155.24965348930542,79
Papua New Guinea,PG,598,-7.087853392748959,145.38831069308603,500
Papua New Guinea,PG,598,-7.0878533927489595,149.754755712914,500
Papua New Guinea,PG,598,-5.856641135187406,145.37734012235072,500
Papua New Guinea,PG,598,-5.856641135187407,149.7657262836493,500
Poland,PL,616,51.8145825277906,18.7756913272869,321
Puerto Rico,PR,630,18.234482304207173,-67.63450036639283,32
Puerto Rico,PR,630,18.23400459002948,-67.02938124447495,32
Puerto Rico,PR,630,18.233526889222134,-66.42426377460477,32
Puerto Rico,PR,630,18.233049201784695,-65.81914795668514,32
Puerto Rico,PR,630,18.234482304207173,-65.59743322740717,32
"Korea, Democratic People's Republic of",KP,408,40.012546237027955,127.37547901968084,259
"Korea, Democratic People's Republic of",KP,408,40.6258696260294,127.40301907505712,259
Portugal,PT,620,32.774209342673345,-16.851714365375635,42
Portugal,PT,620,32.774209342673345,-16.69828563462437,42
Portugal,PT,620,38.22063117433776,-7.937484838809494,136
Portugal,PT,620,40.66963088421161,-7.882481681724331,136
Portugal,PT,620,38.219822681752355,-29.63846754612503,144
Portugal,PT,620,38.219822681752355,-26.67183518827497,144
Paraguay,PY,600,-23.503758896612233,-58.32378964451126,442
"Palestine, State of",PS,275,31.648472861969115,35.21905396985759,33
"Palestine, State of",PS,275,32.23636058107961,35.22126570020876,33
"Palestine, State of",PS,275,31.396480755710034,34.36153738802014,25
French Polynesia,PF,258,-16.306739202661145,-146.83339093179447,500
French Polynesia,PF,258,-16.306739202661145,-140.97290789620556,500
French Polynesia,PF,258,-13.259854929822458,-146.89834949062762,500
French Polynesia,PF,258,-13.25985492982246,-140.90794933737243,500
French Polynesia,PF,258,-14.783297066241802,-143.87067013458346,250.0
Qatar,QA,634,24.95224242885564,51.17750158559502,43
Qatar,QA,634,25.72854879890552,51.18020899311014,43
Réunion,RE,638,-21.11687922531986,55.50233040492858,28
Romania,RO,642,45.91990178495486,23.542769578289207,256
Romania,RO,642,45.91990178495486,26.404886671710795,256
Russian Federation,RU,643,46.61505824696581,59.269923937828075,500
Russian Federation,RU,643,46.244666489849756,72.27301227879953,500
Russian Federation,RU,643,45.87897561611287,85.18961631870762,500
Russian Federation,RU,643,45.517865622175115,98.02246555094646,500
Russian Federation,RU,643,45.16122178346688,110.77416331148984,500
Russian Federation,RU,643,44.80893432891636,123.44719467663569,500
Russian Federation,RU,643,44.46089814089039,136.04393373821682,500
Russian Federation,RU,643,44.11701247819371,148.56665031512793,500
Russian Federation,RU,643,55.02574618818794,76.39012526237548,500
Russian Federation,RU,643,54.52764450926598,91.91442053007887,500
Russian Federation,RU,643,54.038487499182864,107.25310883810224,500
Russian Federation,RU,643,53.557910462370806,122.41484063940466,500
Russian Federation,RU,643,53.08557382353074,137.40765466804518,500
Russian Federation,RU,643,52.621160748039046,152.2390363844041,500
Russian Federation,RU,643,52.16437504517545,166.91596944639127,500
Russian Federation,RU,643,55.53318506233415,172.06416433915462,500
Russian Federation,RU,643,50.38615549955787,82.09371640443919,250.0
Russian Federation,RU,643,49.958731557647866,96.22136257840492,250.0
Russian Federation,RU,643,49.53788804227296,110.21865309517557,250.0
Russian Federation,RU,643,49.123397803498804,124.09090898976751,250.0
Russian Federation,RU,643,48.715047538477705,137.8431155305199,250.0
Russian Federation,RU,643,48.31263659303292,151.47995159230405,250.0
Russian Federation,RU,643,63.67582217626002,83.56632477706226,500
Russian Federation,RU,643,62.977029156188934,103.48359786088051,500
Russian Federation,RU,643,62.298595374667826,122.93978962820081,500
Russian Federation,RU,643,61.6390545225091,141.97058833667072,500
Russian Federation,RU,643,60.997112531428364,160.607442847214,500
Russian Federation,RU,643,64.3966470935153,169.58785739663853,500
Russian Federation,RU,643,59.604503619297084,72.11860951585382,250.0
Russian Federation,RU,643,59.001387672188436,89.93686156162799,250.0
Russian Federation,RU,643,58.413119941966904,107.42710507913984,250.0
Russian Federation,RU,643,57.83877101084598,124.61184858738648,250.0
Russian Federation,RU,643,58.74111045852302,153.49775603234184,250.0
Russian Federation,RU,643,72.02393554960628,98.11696421392263,500
Russian Federation,RU,643,70.97618794230469,126.21455896631458,500
Russian Federation,RU,643,69.98706723366132,152.9130022968673,500
Russian Federation,RU,643,73.14124513857631,164.38316919413384,500
Russian Federation,RU,643,68.21029132156079,80.63208270554205,250.0
Russian Federation,RU,643,67.32600505928235,104.89044187168842,250.0
Russian Federation,RU,643,66.48204819492513,128.1983000788739,250.0
Russian Federation,RU,643,67.71992025662206,143.66147941116733,250.0
Russian Federation,RU,643,74.73054945817266,106.9341328715879,500
Russian Federation,RU,643,73.49909461059669,139.44780898089357,500
Russian Federation,RU,643,76.07602739999467,161.06982150616003,500
Russian Federation,RU,643,65.85194878052116,-176.0380852609435,181
Russian Federation,RU,643,69.08887117195897,-175.45838585616903,181
Russian Federation,RU,643,69.91117638931561,-175.28039133032829,181
Russian Federation,RU,643,49.8311996180924,31.8307257039596,323
Russian Federation,RU,643,61.38853119516882,33.38614734323981,323
Russian Federation,RU,643,67.14369305398354,34.79646885813551,323
Russian Federation,RU,643,78.53064460083309,42.007018337753976,323
Rwanda,RW,646,-1.935618889270285,29.729477197458003,97
Rwanda,RW,646,-1.935618889270285,30.004702490042,97
Saudi Arabia,SA,682,20.82149607070246,39.42029700177182,500
Saudi Arabia,SA,682,20.687252537807158,49.02208823927685,500
Saudi Arabia,SA,682,20.82149607070246,50.83692956072818,500
Saudi Arabia,SA,682,27.52157033293907,39.6787142461125,500
Saudi Arabia,SA,682,27.337925846575924,49.791114530112544,500
Saudi Arabia,SA,682,24.07971095863919,44.60570576594218,250.0
Sudan,SD,729,13.144348548362109,26.437173387117507,500
Sudan,SD,729,13.144348548362107,33.99759223798249,500
Sudan,SD,729,17.629484155947658,26.537252980585052,500
Sudan,SD,729,17.629484155947658,33.89751264451495,500
Sudan,SD,729,15.386916352154884,30.16734301581623,250.0
Senegal,SN,686,14.493026700641467,-15.299981159575083,241
Senegal,SN,686,14.493026700641467,-13.618085246624915,241
Singapore,SG,702,1.3562193922948487,103.8232843447586,25
South Georgia and the South Sandwich Islands,GS,239,-58.43722041412279,-26.35529545744069,25
South Georgia and the South Sandwich Islands,GS,239,-54.42299995140881,-37.24711010811211,50
South Georgia and the South Sandwich Islands,GS,239,-54.42299995140881,-36.568905516887895,50
"Saint Helena, Ascension and Tristan da Cunha",SH,654,-7.929195476516105,-14.358733931137987,25
"Saint Helena, Ascension and Tristan da Cunha",SH,654,-15.95506947329488,-5.721103292730499,25
Svalbard and Jan Mayen,SJ,744,76.12374897823938,18.487338125927973,212
Svalbard and Jan Mayen,SJ,744,78.4248825234454,20.048008190402854,212
Solomon Islands,SB,090,-9.211138043035751,158.30738232574757,289
Solomon Islands,SB,090,-9.191953873813054,163.5668560648213,289
Solomon Islands,SB,090,-9.211138043035751,164.29935595625244,289
Sierra Leone,SL,694,8.395638178882137,-11.79468852369907,165
El Salvador,SV,222,13.796697990815437,-89.44927996564307,71
El Salvador,SV,222,13.796697990815437,-88.37196026865693,71
San Marino,SM,674,43.941904000346554,12.455714437605904,25
Somalia,SO,706,2.8177610495667285,45.461441484851406,500
Somalia,SO,706,2.817761049566727,46.8932460151486,500
Somalia,SO,706,7.439960668353435,45.493989840919475,500
Somalia,SO,706,7.439960668353433,46.86069765908052,500
Somalia,SO,706,5.128860858960081,46.16106957196597,250.0
Saint Pierre and Miquelon,PM,666,46.925838373902465,-56.26253649905066,25
Serbia,RS,688,43.594913715772584,20.998967400790683,152
Serbia,RS,688,42.48084573679725,20.880423261024884,70
Serbia,RS,688,45.395674202252586,19.93740363806287,86
Serbia,RS,688,45.395674202252586,20.43486198693713,86
Sao Tome and Principe,ST,678,1.6203360258912511,7.391501498431875,25
Sao Tome and Principe,ST,678,0.22587824052062613,6.609079632496392,25
Suriname,SR,740,3.8745833117255835,-56.028922751819444,225
Slovakia,SK,703,48.67231350469744,18.247687520506602,102
Slovakia,SK,703,48.655668537378695,21.016987729712092,102
Slovenia,SI,705,46.14118092023441,14.413634810346197,80
Slovenia,SI,705,46.14118092023441,15.480798783453803,80
Sweden,SE,752,57.60679265091558,15.487888142027812,260
Sweden,SE,752,62.258798945601654,16.14334156173462,260
Sweden,SE,752,66.59651841112495,17.003744990143037,260
Swaziland,SZ,748,-26.703714999597693,31.455662045701015,67
Swaziland,SZ,748,-26.346175574894456,31.45359521938369,67
Seychelles,SC,690,-4.672163608059757,55.46319625526513,25
Syrian Arab Republic,SY,760,34.770147055516844,38.79082025843287,277
Turks and Caicos Islands,TC,796,21.85162991336459,-72.10053123296174,25
Turks and Caicos Islands,TC,796,21.85162991336459,-71.87876564203825,25
Chad,TD,148,11.958203815047689,18.039004000600052,500
Chad,TD,148,11.958203815047687,19.392636624399948,500
Chad,TD,148,18.868656895574183,18.19379886291924,500
Togo,TG,768,7.019873892857611,0.8333394765496981,103
Togo,TG,768,8.882270995362397,0.8375148753605662,103
Togo,TG,768,10.183118441122346,0.8410359983398411,103
Thailand,TH,764,9.52078654287468,101.3026220948324,432
Thailand,TH,764,16.482421388357718,101.41401318926742,432
Tajikistan,TJ,762,38.82671058643188,70.13686113266205,242
Tajikistan,TJ,762,38.82671058643188,72.33149824233796,242
Tokelau,TK,772,-8.952170903155992,-172.0894878865522,45
Tokelau,TK,772,-8.952170903155992,-171.5956195354478,45
Turkmenistan,TM,795,38.87389338791561,57.37056574147834,423
Turkmenistan,TM,795,38.87389338791561,61.75257878982166,423
Timor-Leste,TL,626,-9.309072823368654,124.24044929021203,25
Timor-Leste,TL,626,-8.825304570843423,125.60588438618649,76
Timor-Leste,TL,626,-8.825304570843423,126.6052484258135,76
Tonga,TO,776,-20.75357713097239,-174.63227708272612,77
Tonga,TO,776,-19.362605584659104,-174.63868266316715,77
Trinidad and Tobago,TT,780,10.452204419411112,-61.51335333294427,43
Trinidad and Tobago,TT,780,10.452204419411112,-61.31037713575572,43
Trinidad and Tobago,TT,780,11.246963147218452,-60.66810509936042,25
Tunisia,TN,788,31.82984270429816,9.38653411736447,179
Tunisia,TN,788,35.0557850111776,9.457887482051337,179
Tunisia,TN,788,35.71105437241906,9.473826099797938,179
Turkey,TR,792,38.894178009062,29.681520809190058,348
Turkey,TR,792,38.75664764127519,37.695073453909565,348
Turkey,TR,792,38.894178009062,40.80461200330995,348
Tuvalu,TV,798,-7.73338945784504,178.35770542376181,183
Tuvalu,TV,798,-7.051866339013356,178.35516511784718,183
"Taiwan, Province of China",TW,158,23.57615254755985,120.08389510195207,184
"Tanzania, United Republic of",TZ,834,-7.173250946849038,33.850283676698574,500
"Tanzania, United Republic of",TZ,834,-7.1732509468490395,35.93672804210143,500
"Tanzania, United Republic of",TZ,834,-5.499492504685998,33.835688258251125,500
"Tanzania, United Republic of",TZ,834,-5.499492504685999,35.95132346054888,500
Uganda,UG,800,1.2508244179757402,32.263408811060366,301
Ukraine,UA,804,48.21687440023928,28.09918761089152,443
Ukraine,UA,804,48.21687440023928,34.16096863910849,443
Uruguay,UY,858,-32.58618238999578,-55.71103993538193,257
United States,US,840,52.18499094486672,173.84003604530247,92
United States,US,840,52.16966000114298,176.52976587571032,92
United States,US,840,52.18499094486672,178.43476864269758,92
United States,US,840,28.956880834343494,-119.57905732883259,500
United States,US,840,28.761933962506113,-109.33165410383798,500
United States,US,840,28.568539637463463,-99.10317165343345,500
United States,US,840,28.376679965097317,-88.89327526318651,500
United States,US,840,28.186337388712435,-78.70163772403916,500
United States,US,840,37.93289977486444,-119.01894097699959,500
United States,US,840,37.65907768455269,-107.66851629657158,500
United States,US,840,37.387918053484334,-96.3594336476874,500
United States,US,840,37.1193762321836,-85.09074630118391,500
United States,US,840,36.85340885807062,-73.86153743577817,500
United States,US,840,37.93289977486444,-72.67803167970041,500
United States,US,840,33.30797925944809,-113.6237868127021,250.0
United States,US,840,33.074926007995224,-102.84554387576269,250.0
United States,US,840,32.84395793482353,-92.09695897730867,250.0
United States,US,840,32.615044411583966,-81.37740634948234,250.0
United States,US,840,33.059618581788435,-75.68983470186978,250.0
United States,US,840,44.69726469898119,-118.39534934605913,500
United States,US,840,44.350565530441706,-105.82250557189127,500
United States,US,840,44.007985576516894,-93.32297993821263,500
United States,US,840,43.66942948216858,-80.89463080698681,500
United States,US,840,44.69726469898119,-73.30162331064088,500
United States,US,840,41.141732652653076,-112.42072327444544,250.0
United States,US,840,40.90832046558239,-79.1961848059124,250.0
United States,US,840,20.58497203752753,-158.50729794833157,181
United States,US,840,20.58497203752753,-156.54035830166842,181
United States,US,840,55.83565206279637,-170.19681045776275,500
United States,US,840,55.32253557903273,-154.35847457228294,500
United States,US,840,54.81900096142994,-138.72089815508255,500
United States,US,840,64.69657394917152,-167.66608357335755,500
United States,US,840,63.96625355685237,-147.0298022608277,500
United States,US,840,64.69657394917152,-140.54251017664245,500
United States,US,840,59.900952809824375,-158.61330635929522,250.0
United States,US,840,60.00955476410213,-147.4504923744627,250.0
United States,US,840,66.51767019494915,-166.8924658485325,500
United States,US,840,65.72508175941923,-144.82063090605806,500
United States,US,840,66.51767019494915,-141.3161279014675,500
United States,US,840,65.21082785429537,-156.2433572397078,250.0
Uzbekistan,UZ,860,41.230748337549514,61.537617291069395,466
Uzbekistan,UZ,860,41.230748337549514,67.5749803652306,466
Holy See (Vatican City State),VA,336,41.901879738051804,12.433349214318284,25
Saint Vincent and the Grenadines,VC,670,12.920682285651749,-61.23897284706947,25
Saint Vincent and the Grenadines,VC,670,13.132741479888962,-61.23887534688503,25
"Venezuela, Bolivarian Republic of",VE,862,5.193542062991434,-68.85620426238265,500
"Venezuela, Bolivarian Republic of",VE,862,5.193542062991433,-64.33891292511734,500
"Venezuela, Bolivarian Republic of",VE,862,7.633591113146819,-68.83465759673182,500
"Venezuela, Bolivarian Republic of",VE,862,7.633591113146817,-64.36045959076819,500
"Virgin Islands, British",VG,092,18.575787490862588,-64.48456896637637,25
"Virgin Islands, U.S.",VI,850,17.92746333986675,-64.80262706236172,25
"Virgin Islands, U.S.",VI,850,18.159208476633392,-64.80233743948803,25
Viet Nam,VN,704,11.952521080665997,105.56213244856085,375
Viet Nam,VN,704,18.717844109688958,105.67474083660095,375
Viet Nam,VN,704,19.922509115921414,105.70086348825463,375
Vanuatu,VU,548,-18.580727017501662,168.25294821134466,183
Vanuatu,VU,548,-15.356956048985248,168.22371467604498,183
Wallis and Futuna,WF,876,-13.772635745573048,-177.62104996827597,62
Wallis and Futuna,WF,876,-13.772635745573048,-176.70141096972407,62
Samoa,WS,882,-13.756064520623827,-172.47337524539617,33
Samoa,WS,882,-13.755686794421518,-171.86309522023313,33
Samoa,WS,882,-13.756064520623827,-171.75470092660385,33
Yemen,YE,887,15.777261715072937,45.852872185201704,354
Yemen,YE,887,15.777261715072937,49.781795783598305,354
Yemen,YE,887,12.51728598377145,53.545831049827044,25
Yemen,YE,887,12.517089362097696,54.00585226329979,25
Yemen,YE,887,12.51728598377145,54.28112207517296,25
South Africa,ZA,710,-30.174010248561146,21.6405225300052,500
South Africa,ZA,710,-30.174010248561153,27.693168876294802,500
South Africa,ZA,710,-26.57170375480726,21.46750826205537,500
South Africa,ZA,710,-26.57170375480726,27.86618314424463,500
South Africa,ZA,710,-28.372857001684203,24.753352837124915,250.0
South Africa,ZA,710,-46.89336047234365,37.73905877602243,25
Zambia,ZM,894,-13.480464204940775,26.59716603820613,500
Zambia,ZM,894,-13.480464204940777,29.043263649293873,500
Zimbabwe,ZW,716,-18.988862758928477,28.785553465370416,375
