Abu Dhabi,Emirate,United Arab Emirates,AE,24.080806015787974,53.24024844470273,177
Abu Dhabi,Emirate,United Arab Emirates,AE,24.080806015787974,54.28327679333463,177
Ajman,Emirate,United Arab Emirates,AE,25.381526801924508,55.670226195558826,25
Ajman,Emirate,United Arab Emirates,AE,25.381526801924508,55.759911438718646,25
Dubay,Emirate,United Arab Emirates,AE,24.952119889394595,55.40288799569671,40
Dubay,Emirate,United Arab Emirates,AE,24.952119889394595,55.79769260122716,40
Fujayrah,Emirate,United Arab Emirates,AE,25.079327355512035,56.16936508623165,25
Fujayrah,Emirate,United Arab Emirates,AE,25.433264486444706,56.169959885500084,25
Neutral Zone,Emirate,United Arab Emirates,AE,24.75473845093838,55.741055353409536,25
Neutral Zone,Emirate,United Arab Emirates,AE,24.75473845093838,55.85839380430539,25
Ras Al Khaymah,Emirate,United Arab Emirates,AE,25.063781980418597,56.01254467947269,27
Ras Al Khaymah,Emirate,United Arab Emirates,AE,25.551240539223457,56.013606685556226,27
Ras Al Khaymah,Emirate,United Arab Emirates,AE,25.83489303089026,56.014237487588105,27
Sharjah,Emirate,United Arab Emirates,AE,25.09910215630121,55.79006435246558,46
Sharjah,Emirate,United Arab Emirates,AE,25.09910215630121,55.925767404126425,46
Umm Al Qaywayn,Emirate,United Arab Emirates,AE,25.466871961535542,55.72182540007345,25
Alabama,State,United States,US,31.68484183750281,-86.74951960160205,164
Alabama,State,United States,US,33.51795700035296,-86.71406633789003,164
Alaska,State,United States,US,51.43410472097507,-178.8741065269405,25
Alaska,State,United States,US,51.88349358962784,-178.8713585113959,25
Alaska,State,United States,US,58.96024857104462,-159.41041642280928,500
Alaska,State,United States,US,58.382974997328105,-142.19923011021007,500
Alaska,State,United States,US,58.96024857104462,-138.7082511797297,500
Alaska,State,United States,US,67.77205464525015,-156.2117221522108,500
Alaska,State,United States,US,67.77205464525015,-141.90694545032818,500
Alaska,State,United States,US,63.36615160814739,-150.65868093656871,250.0
Arizona,State,United States,US,33.615696755951106,-112.04814866011375,257
Arizona,State,United States,US,34.656158611348644,-112.01399902291142,257
Arkansas,State,United States,US,34.73391991958734,-92.49969611383445,194
Arkansas,State,United States,US,34.73391991958734,-91.76286949895858,194
California,State,United States,US,36.27699731634697,-119.67471022000547,426
California,State,United States,US,38.07282957736961,-119.5608813152714,426
Colorado,State,United States,US,38.970877676544994,-106.48724660209052,223
Colorado,State,United States,US,38.970877676544994,-104.61553660103449,223
Connecticut,State,United States,US,41.512650737095996,-73.01097744110743,60
Connecticut,State,United States,US,41.512650737095996,-72.50698215361895,60
Delaware,State,United States,US,38.71494338337833,-75.424753196303,32
Delaware,State,United States,US,39.29142765286638,-75.42179265626048,32
Delaware,State,United States,US,39.55178500935352,-75.42042740191965,32
District of Columbia,Federal District,United States,US,38.902070087948296,-77.01524005570089,25
Florida,State,United States,US,27.713820994864765,-83.98633879603115,360
Georgia,State,United States,US,32.302176576834775,-83.2965115352378,218
Georgia,State,United States,US,33.015000073044355,-83.27810297814986,218
Hawaii,State,United States,US,21.226660101339522,-162.21105659874416,259
Hawaii,State,United States,US,21.226660101339522,-157.30081473914638,259
Idaho,State,United States,US,43.998209774904794,-114.41404364725427,227
Idaho,State,United States,US,46.92127094076486,-114.26397503921066,227
Illinois,State,United States,US,38.6186709590223,-89.39192900086987,185
Illinois,State,United States,US,40.823039676491476,-89.32327639603396,185
Indiana,State,United States,US,39.00548278287807,-86.50469568353698,138
Indiana,State,United States,US,40.50835719900953,-86.46985652593008,138
Iowa,State,United States,US,41.92064373522232,-94.53790017726989,174
Iowa,State,United States,US,41.92064373522232,-92.23707846042531,174
Kansas,State,United States,US,38.4827294419312,-100.12298408077055,168
Kansas,State,United States,US,38.4827294419312,-96.5183046765536,168
Kentucky,State,United States,US,37.81013245926561,-87.89288488301898,148
Kentucky,State,United States,US,37.78616176522876,-84.53211545363332,148
Kentucky,State,United States,US,37.81013245926561,-83.64499506082855,148
Louisiana,State,United States,US,30.952944945479903,-91.66990510491814,227
Maine,State,United States,US,44.448935256090415,-69.12428799872268,156
Maine,State,United States,US,46.03660884830142,-69.06896975763354,156
Maryland,State,United States,US,38.80228843915116,-78.31291104217705,102
Maryland,State,United States,US,38.80228843915116,-76.22424410919001,102
Massachusetts,State,United States,US,42.057175535698555,-72.39695110599887,92
Massachusetts,State,United States,US,42.057175535698555,-71.03895435054405,92
Michigan,State,United States,US,44.4028686444734,-86.55638630270774,308
Michigan,State,United States,US,45.465891517468066,-86.48435457587529,308
Minnesota,State,United States,US,45.98200876596247,-93.60776900967659,282
Minnesota,State,United States,US,46.787793571324215,-93.55387139713083,282
Mississippi,State,United States,US,31.633194472589295,-89.94317907901535,163
Mississippi,State,United States,US,33.516563602103666,-89.90702292304044,163
Missouri,State,United States,US,38.26823245992576,-92.83715956585561,257
Missouri,State,United States,US,38.26823245992576,-92.03783280474984,257
Montana,State,United States,US,46.63000265042782,-112.66759744643235,259
Montana,State,United States,US,46.63000265042782,-107.42285665513016,259
Nebraska,State,United States,US,41.484153654996874,-102.05305965356169,167
Nebraska,State,United States,US,41.449409498385315,-98.05509858118677,167
Nebraska,State,United States,US,41.484153654996874,-97.30778019018814,167
Nevada,State,United States,US,37.20436636002295,-117.22151893487172,248
Nevada,State,United States,US,39.73130279560909,-117.1225483252025,248
New Hampshire,State,United States,US,43.386973643445124,-71.60999563831993,77
New Hampshire,State,United States,US,44.611769072496195,-71.5903216473056,77
New Jersey,State,United States,US,39.566642439495524,-74.75255484691091,71
New Jersey,State,United States,US,40.71533833149967,-74.7387110800175,71
New Mexico,State,United States,US,33.732407120959934,-106.1449782875001,270
New Mexico,State,United States,US,34.530770227247324,-106.11751136117005,270
New York,State,United States,US,42.71509649073481,-76.68635340399759,252
New York,State,United States,US,42.71509649073481,-74.93332890801405,252
North Carolina,State,United States,US,35.203835758478476,-82.64070057439616,153
North Carolina,State,United States,US,35.18052983282674,-79.28088444850539,153
North Carolina,State,United States,US,35.203835758478476,-77.14138102960771,153
North Dakota,State,United States,US,47.44591318601695,-101.78199599403585,171
North Dakota,State,United States,US,47.445913186016945,-98.82274796348348,171
Ohio,State,United States,US,40.564427429506345,-81.94559888051272,244
Oklahoma,State,United States,US,35.29066341545861,-100.93397317773193,188
Oklahoma,State,United States,US,35.25536843364561,-96.8015255238088,188
Oregon,State,United States,US,44.103696479008974,-121.58124858425671,239
Oregon,State,United States,US,44.103696479008974,-119.44731586886815,239
Pennsylvania,State,United States,US,40.98144475679487,-78.83217081366985,142
Pennsylvania,State,United States,US,40.98144475679487,-76.37742391289264,142
Rhode Island,State,United States,US,41.43438445384865,-71.50724685735159,32
Rhode Island,State,United States,US,41.73036263827171,-71.50550894971457,32
South Carolina,State,United States,US,33.618316684584244,-81.45760661440042,176
South Carolina,State,United States,US,33.618316684584244,-80.44340962095114,176
South Dakota,State,United States,US,44.18747984474108,-101.64287121049857,193
South Dakota,State,United States,US,44.18747984474108,-98.85083453901302,193
Tennessee,State,United States,US,35.827036931818334,-89.25938470867774,95
Tennessee,State,United States,US,35.81784199272774,-87.15683028821125,95
Tennessee,State,United States,US,35.80865014340741,-85.05451824065872,95
Tennessee,State,United States,US,35.7994613821145,-82.95244837452665,95
Texas,State,United States,US,30.246528878161918,-101.44899882869755,500
Texas,State,United States,US,30.246528878161918,-98.7055269281383,500
Texas,State,United States,US,31.88577815648326,-101.35883706052977,500
Texas,State,United States,US,31.88577815648326,-98.79568869630607,500
Utah,State,United States,US,38.84808382161748,-111.66209128901285,208
Utah,State,United States,US,40.105643261713,-111.61860281116923,208
Vermont,State,United States,US,43.42567484949982,-72.4818178138948,78
Vermont,State,United States,US,44.31018207331793,-72.46749048537175,78
Virginia,State,United States,US,37.98840077526043,-81.81918408051433,163
Virginia,State,United States,US,37.95914106395347,-78.10901762745631,163
Virginia,State,United States,US,37.98840077526043,-77.09815142973945,163
Washington,State,United States,US,47.25052409291489,-122.22599867109435,192
Washington,State,United States,US,47.25052409291489,-119.44928666826112,192
West Virginia,State,United States,US,38.900138053118106,-80.43878585936727,191
Wisconsin,State,United States,US,44.70991498180383,-89.71912906933562,251
Wyoming,State,United States,US,42.96792589802724,-108.32125688211974,223
Wyoming,State,United States,US,42.96792589802724,-106.78586744649341,223
Alberta,Province,Canada,CA,51.439580179581874,-115.98956297841127,279
Alberta,Province,Canada,CA,56.43905211643831,-115.47820071657101,279
Alberta,Province,Canada,CA,57.40984761459625,-115.35898045604512,279
British Columbia,Province,Canada,CA,52.57258183508134,-131.66446249168249,500
British Columbia,Province,Canada,CA,52.57258183508134,-121.44195993263384,500
British Columbia,Province,Canada,CA,55.25595721141028,-131.1720529679937,500
British Columbia,Province,Canada,CA,55.25595721141028,-121.93436945632263,500
Manitoba,Province,Canada,CA,52.15256745738715,-96.69164020810977,364
Manitoba,Province,Canada,CA,56.59333672955621,-96.08379929316926,364
New Brunswick,Province,Canada,CA,46.22743912924134,-66.50102648374745,197
Newfoundland and Labrador,Province,Canada,CA,49.99802615189187,-62.36400134045914,391
Newfoundland and Labrador,Province,Canada,CA,56.986863862823625,-61.381181796422496,391
Newfoundland and Labrador,Province,Canada,CA,58.80462173847729,-61.04615460730223,391
Northwest Territories,Territory,Canada,CA,63.13002973014653,-129.12501352201818,370
Northwest Territories,Territory,Canada,CA,69.69516139280455,-126.88773900009191,370
Northwest Territories,Territory,Canada,CA,75.08201946385917,-123.50545647232947,370
Nova Scotia,Province,Canada,CA,45.27590719106309,-63.66807386412653,214
Nova Scotia,Province,Canada,CA,45.27590719106309,-62.37026384339293,214
Nunavut,Territory,Canada,CA,60.65739658559457,-111.87688334321147,500
Nunavut,Territory,Canada,CA,60.04035313024568,-93.79324659361247,500
Nunavut,Territory,Canada,CA,59.43822458753988,-76.03850476196487,500
Nunavut,Territory,Canada,CA,60.65739658559457,-70.45205418730609,500
Nunavut,Territory,Canada,CA,68.7948674288215,-108.58222990812962,500
Nunavut,Territory,Canada,CA,67.9111174680331,-84.37915548316974,500
Nunavut,Territory,Canada,CA,68.7948674288215,-73.74670762238793,500
Nunavut,Territory,Canada,CA,64.28425702681383,-98.1280194131906,250.0
Nunavut,Territory,Canada,CA,64.41761027953359,-83.7699771080002,250.0
Nunavut,Territory,Canada,CA,70.18929277558185,-101.47459444136994,317
Nunavut,Territory,Canada,CA,75.78661387222378,-98.25129309853702,317
Nunavut,Territory,Canada,CA,79.86796813675308,-93.55196130914621,317
Nunavut,Territory,Canada,CA,77.82281079214027,-83.21609972473077,204
Nunavut,Territory,Canada,CA,81.09575764666776,-80.02410891374167,204
Ontario,Province,Canada,CA,45.993940595192136,-88.69492334871404,500
Ontario,Province,Canada,CA,45.993940595192136,-80.80710607023126,500
Ontario,Province,Canada,CA,52.150677030003216,-87.83866316992243,500
Ontario,Province,Canada,CA,52.150677030003216,-81.66336624902286,500
Ontario,Province,Canada,CA,49.072308812597676,-85.17914479886845,250.0
Prince Edward Island,Province,Canada,CA,46.501008888093715,-63.60589891235121,62
Prince Edward Island,Province,Canada,CA,46.501008888093715,-62.77910322387921,62
Québec,Province,Canada,CA,49.282891400627136,-74.10939276411825,500
Québec,Province,Canada,CA,49.282891400627136,-63.98724114701452,500
Québec,Province,Canada,CA,58.187771249678896,-72.46835076806293,500
Québec,Province,Canada,CA,58.18777124967888,-65.62828314306982,500
Québec,Province,Canada,CA,53.73533132515301,-69.86883795359404,250.0
Saskatchewan,Province,Canada,CA,51.12492152949775,-106.56359031119028,242
Saskatchewan,Province,Canada,CA,55.465158059267864,-106.19512358243594,242
Saskatchewan,Province,Canada,CA,57.762823837936836,-105.95592703025433,242
Yukon,Territory,Canada,CA,62.65948042099752,-134.93757958422734,311
Yukon,Territory,Canada,CA,68.12008373102475,-133.52145464762162,311
Andaman and Nicobar,Union Territory,India,IN,7.765787713676786,93.2169504399056,112
Andaman and Nicobar,Union Territory,India,IN,9.790781532981768,93.22244109662819,112
Andaman and Nicobar,Union Territory,India,IN,11.815530804516644,93.22926690663891,112
Andaman and Nicobar,Union Territory,India,IN,13.839987513025743,93.23747190674281,112
Andhra Pradesh,State,India,IN,15.858311012015134,80.14619174213307,363
Andhra Pradesh,State,India,IN,15.858311012015134,81.37181362896071,363
Arunachal Pradesh,State,India,IN,28.050658074887675,93.14159258684646,156
Arunachal Pradesh,State,India,IN,28.050658074887675,95.82839337506789,156
Assam,State,India,IN,26.04063304655303,91.82316193604318,213
Assam,State,India,IN,26.04063304655303,93.89258971190642,213
Bihar,State,India,IN,26.055538017044885,85.29474953566404,198
Bihar,State,India,IN,26.055538017044885,86.31323691453181,198
Chandigarh,Union Territory,India,IN,30.734159434739528,76.76341321203311,25
Chhattisgarh,State,India,IN,19.677801772915085,82.25143491293761,211
Chhattisgarh,State,India,IN,22.188873862805927,82.28526830566169,211
Dadra and Nagar Haveli,Union Territory,India,IN,20.20609986509944,73.07558114620562,25
Daman and Diu,Union Territory,India,IN,20.551460467139773,71.1318264265625,25
Daman and Diu,Union Territory,India,IN,20.551128772826516,71.61131407504979,25
Daman and Diu,Union Territory,India,IN,20.550797084338097,72.09080068900026,25
Daman and Diu,Union Territory,India,IN,20.550465401674366,72.57028626845255,25
Daman and Diu,Union Territory,India,IN,20.551460467139773,72.66356084150404,25
Goa,State,India,IN,15.220769227566771,74.00956088608461,36
Goa,State,India,IN,15.471946756852129,74.00995598380865,36
Gujarat,State,India,IN,22.394794624291894,70.65300404080033,254
Gujarat,State,India,IN,22.394794624291894,72.0121647214069,254
Haryana,State,India,IN,29.00070890640141,75.99871505469281,150
Haryana,State,India,IN,29.568329326976265,76.0072169675231,150
Himachal Pradesh,Union Territory,India,IN,31.809165248107387,77.26054501540642,160
Jammu and Kashmir,State,India,IN,33.8733504344268,75.69801742627317,179
Jammu and Kashmir,State,India,IN,33.8733504344268,77.62949722216439,179
Jharkhand,State,India,IN,23.646723044473116,85.16625206390877,188
Jharkhand,State,India,IN,23.646723044473116,86.13065345366958,188
Karnataka,State,India,IN,13.724999730619194,76.26293408463555,239
Karnataka,State,India,IN,16.283800994556717,76.28938160997798,239
Kerala,State,India,IN,9.542950782778643,76.11739115228112,138
Kerala,State,India,IN,11.540608406563122,76.12548276791198,138
Lakshadweep,Union Territory,India,IN,9.06077246047875,72.89467776190523,88
Lakshadweep,Union Territory,India,IN,10.65183889713244,72.89849592668001,88
Lakshadweep,Union Territory,India,IN,10.909671062787627,72.89917592259579,88
Madhya Pradesh,State,India,IN,23.94278145476506,77.1980996606804,322
Madhya Pradesh,State,India,IN,23.94278145476506,79.64434571285511,322
Maharashtra,State,India,IN,18.7877855290007,76.02771436147101,356
Maharashtra,State,India,IN,18.7877855290007,77.51513994761113,356
Manipur,State,India,IN,24.652700872229094,93.85475945413384,90
Manipur,State,India,IN,24.882599065136368,93.85638332973849,90
Meghalaya,State,India,IN,25.574041172326677,90.42877505995563,61
Meghalaya,State,India,IN,25.571522633953304,91.64298032198899,61
Meghalaya,State,India,IN,25.574041172326677,92.19730831406825,61
Mizoram,State,India,IN,22.49604633036551,92.84305915655372,61
Mizoram,State,India,IN,23.597621733659384,92.847825839052,61
Mizoram,State,India,IN,23.968983171485547,92.84949963802475,61
Nagaland,State,India,IN,26.05647376146746,94.28017863321597,95
NCT of Delhi,Union Territory,India,IN,28.633801702934164,77.08472478154965,25
Odisha,State,India,IN,20.16529082569488,83.9085118023844,264
Odisha,State,India,IN,20.16529082569488,84.95714981870972,264
Puducherry,Union Territory,India,IN,13.762950152360126,78.26345663789742,329
Puducherry,Union Territory,India,IN,13.762950152360126,79.26049966093066,329
Punjab,State,India,IN,30.836447756889388,75.37283208463504,144
Punjab,State,India,IN,31.2686959993805,75.37963792614217,144
Rajasthan,State,India,IN,26.57420002823174,73.45923954272709,396
Sikkim,State,India,IN,27.48699436899677,88.46569531961194,45
Sikkim,State,India,IN,27.724167218846866,88.46666256651744,45
Tamil Nadu,State,India,IN,13.465898172381982,80.21664608556993,25
Tamil Nadu,State,India,IN,10.095523554691482,78.26068327412452,224
Tamil Nadu,State,India,IN,11.505582544215319,78.27020208311563,224
Telangana,State,India,IN,17.86008566332546,79.3769710606229,227
Tripura,State,India,IN,23.484823147369287,91.74092068022227,60
Tripura,State,India,IN,23.991189512672324,91.74319156229234,60
Uttar Pradesh,State,India,IN,27.095784053016555,80.74019168052412,363
Uttarakhand,State,India,IN,30.08450008682337,79.14935528814402,153
West Bengal,State,India,IN,23.34227048036191,87.78850276835014,201
West Bengal,State,India,IN,25.39331286842224,87.82041377093528,201
England,Kingdom,United Kingdom,GB,52.116056302915084,-2.674108790342159,257
England,Kingdom,United Kingdom,GB,53.433282028665836,-2.5591478515370745,257
Northern Ireland,Province,United Kingdom,GB,54.66253489712622,-7.055765059172757,72
Northern Ireland,Province,United Kingdom,GB,54.66253489712622,-6.548303696930786,72
Scotland,Kingdom,United Kingdom,GB,57.754181080110044,-7.572870059083577,364
Wales,Principality,United Kingdom,GB,52.18369971439732,-4.105834015617448,95
Wales,Principality,United Kingdom,GB,52.56832131289517,-4.093805090095569,95
Alsace,Region,France,FR,47.87783055923005,7.521612936423145,51
Alsace,Region,France,FR,48.61722953302186,7.531466488838506,51
Aquitaine,Region,France,FR,43.90102627184397,-0.2200514110244733,126
Aquitaine,Region,France,FR,44.56979218006704,-0.20218232122350324,126
Auvergne,Region,France,FR,45.44623912120193,3.24647375825328,93
Auvergne,Region,France,FR,45.96099184588589,3.2573874207971016,93
Île-de-France,Region,France,FR,48.6758096625328,2.3027459470284413,63
Île-de-France,Region,France,FR,48.6758096625328,2.7002204569328194,63
Basse-Normandie,Region,France,FR,48.948079837933605,-0.8762320491192598,87
Basse-Normandie,Region,France,FR,48.948079837933605,-0.21138022218959238,87
Bourgogne,Region,France,FR,47.039992309519754,4.147543097277986,99
Bourgogne,Region,France,FR,47.50096699339,4.158902649872767,99
Bretagne,Region,France,FR,48.18411006589936,-3.7719641066118466,102
Bretagne,Region,France,FR,48.18411006589936,-2.3899900578930406,102
Centre,Region,France,FR,47.35400278796728,1.5444252556087887,113
Centre,Region,France,FR,47.91497155313718,1.5604688579497341,113
Champagne-Ardenne,Region,France,FR,48.379625125531284,4.592829961231957,90
Champagne-Ardenne,Region,France,FR,49.35190070300499,4.616479319630991,90
Corse,Region,France,FR,41.71081358592306,9.03674999332173,42
Corse,Region,France,FR,42.46702989714976,9.042753410602296,42
Corse,Region,France,FR,42.64898630829542,9.044232801941865,42
Franche-Comté,Region,France,FR,46.895658800276465,6.177097411302789,71
Franche-Comté,Region,France,FR,47.381707094352855,6.185566703648025,71
Haute-Normandie,Region,France,FR,49.229868910175526,0.9190448263221549,63
Haute-Normandie,Region,France,FR,49.5019465718973,0.9237699902478749,63
Languedoc-Roussillon,Region,France,FR,43.44830302125322,3.226592773866636,125
Languedoc-Roussillon,Region,France,FR,43.840328288259876,3.236630320908024,125
Limousin,Region,France,FR,45.608967283156375,1.6045798989408215,77
Lorraine,Region,France,FR,48.70445844904203,6.238981045217261,100
Midi-Pyrénées,Region,France,FR,43.79576049675002,1.3879408197378074,138
Nord-Pas-de-Calais,Region,France,FR,50.526664463157516,2.4437548316188438,63
Nord-Pas-de-Calais,Region,France,FR,50.526664463157516,3.341657122307328,63
Pays de la Loire,Region,France,FR,47.40497202902337,-0.9305686076720145,128
Picardie,Region,France,FR,49.597448859622745,2.5693812379087597,86
Picardie,Region,France,FR,49.597448859622745,3.066075681761424,86
Poitou-Charentes,Region,France,FR,46.03489275287246,-0.20391081544925518,106
Provence-Alpes-Côte d'Azur,Region,France,FR,44.04447642278039,5.727101949364088,120
Provence-Alpes-Côte d'Azur,Region,France,FR,44.04447642278039,6.218783232062857,120
Rhône-Alpes,Region,France,FR,45.304049219105345,5.401600533300765,134
Baden-Württemberg,State,Germany,DE,48.46454304363091,8.96436531154935,108
Baden-Württemberg,State,Germany,DE,48.81110968899211,8.974353067956068,108
Bayern,,Germany,DE,48.80213321123067,11.321368781631577,173
Berlin,State,Germany,DE,52.50610726033814,13.423111974591784,25
Brandenburg,State,Germany,DE,52.38930229091831,12.969090828181427,116
Bremen,State,Germany,DE,53.23539474357906,8.734029681005678,25
Bremen,State,Germany,DE,53.38520829921887,8.734914475368733,25
Hamburg,State,Germany,DE,53.67812007693658,8.908426949067515,32
Hamburg,State,Germany,DE,53.67812007693658,9.841698935942272,32
Hessen,State,Germany,DE,50.16192732427602,8.965453004150719,86
Hessen,State,Germany,DE,50.87825551210797,8.983648386562933,86
Mecklenburg-Vorpommern,State,Germany,DE,53.89003158289286,11.932184582543531,88
Mecklenburg-Vorpommern,State,Germany,DE,53.89003158289286,13.07386934201695,88
Niedersachsen,State,Germany,DE,52.57447684383226,8.769375731020508,145
Niedersachsen,State,Germany,DE,52.57447684383226,9.458980153531563,145
Nordrhein-Westfalen,State,Germany,DE,51.40657102034623,7.6193971033797325,122
Rheinland-Pfalz,State,Germany,DE,49.7249605243359,7.280123338428675,85
Rheinland-Pfalz,State,Germany,DE,50.17223903436766,7.290989471605778,85
Saarland,State,Germany,DE,49.374945026609396,6.770052916528478,30
Saarland,State,Germany,DE,49.374945026609396,6.99066781329951,30
Sachsen-Anhalt,State,Germany,DE,51.73108382272882,11.83582302517063,89
Sachsen-Anhalt,State,Germany,DE,52.23497247292357,11.85020832214949,89
Sachsen,State,Germany,DE,50.92204619878685,13.080357425717851,85
Sachsen,State,Germany,DE,50.92204619878685,13.832921153994162,85
Schleswig-Holstein,State,Germany,DE,54.199443974807586,9.316051196400524,95
Schleswig-Holstein,State,Germany,DE,54.199443974807586,9.857835102732878,95
Thüringen,State,Germany,DE,50.92127628810856,11.028957709934522,81
Thüringen,State,Germany,DE,50.92127628810856,11.50213302645465,81
Abruzzo,Region,Italy,IT,42.28647817732692,13.843879904536195,68
Apulia,Region,Italy,IT,40.99685091471117,16.551429676077383,136
Basilicata,Region,Italy,IT,40.47870626032415,16.094018028887096,65
Calabria,Region,Italy,IT,38.52549348513825,16.400497847693117,68
Calabria,Region,Italy,IT,39.52986137736313,16.41147430843344,68
Campania,Region,Italy,IT,40.74490868435664,14.769346877188372,85
Emilia-Romagna,Region,Italy,IT,44.436676943467354,10.178817469903759,78
Emilia-Romagna,Region,Italy,IT,44.436676943467354,11.776862423590043,78
Friuli-Venezia Giulia,Autonomous Region,Italy,IT,46.11004596433917,13.098041094414716,60
Lazio,Region,Italy,IT,41.732049553234134,12.717040325345119,106
Liguria,Region,Italy,IT,44.224692309758,8.1349253386015,51
Liguria,Region,Italy,IT,44.22112630903744,9.411429226443696,51
Lombardia,Region,Italy,IT,45.65100375183937,9.897832209101455,109
Marche,Region,Italy,IT,43.32502706387468,12.984836735576142,72
Molise,Region,Italy,IT,41.71654827548577,14.422582481003897,40
Molise,Region,Italy,IT,41.71654827548577,14.674821998976602,40
Piemonte,Region,Italy,IT,44.954081496823946,7.888827817805292,100
Piemonte,Region,Italy,IT,45.553721460146264,7.902138400537176,100
Sardegna,Autonomous Region,Italy,IT,39.50463007453485,8.957451284060484,72
Sardegna,Autonomous Region,Italy,IT,40.66096982870533,8.971549378025124,72
Sicily,Autonomous Region,Italy,IT,37.13444067138442,12.999991025452422,185
Sicily,Autonomous Region,Italy,IT,37.13444067138442,13.570422564025247,185
Toscana,Region,Italy,IT,43.19302372465672,11.001609852410937,107
Toscana,Region,Italy,IT,43.50304126063888,11.008314880145562,107
Trentino-Alto Adige,Autonomous Region,Italy,IT,46.37789682388487,11.413637599313727,79
Umbria,Region,Italy,IT,42.86753632973231,12.570594834124812,56
Umbria,Region,Italy,IT,43.11222343989059,12.573288709259,56
Valle d'Aosta,Autonomous Region,Italy,IT,45.727051521302386,7.197558906120894,30
Valle d'Aosta,Autonomous Region,Italy,IT,45.727051521302386,7.55508134122419,30
Veneto,Region,Italy,IT,45.640432975616996,11.839433144275004,95
Adygey,Republic,Russia,RU,44.48178447841984,39.5506029429774,78
Adygey,Republic,Russia,RU,44.48178447841984,39.834826439347324,78
Altay,Territory,Russia,RU,52.49280823623225,80.96444382470544,210
Altay,Territory,Russia,RU,52.49280823623225,84.02272353369331,210
Amur,Region,Russia,RU,52.76168029529859,126.40306397968517,457
Amur,Region,Russia,RU,52.76168029529859,128.1212280125028,457
Arkhangel'sk,Region,Russia,RU,62.92642447894367,40.6611207818917,262
Arkhangel'sk,Region,Russia,RU,67.6033885579437,41.6672903504081,262
Arkhangel'sk,Region,Russia,RU,72.26638366054786,43.22167009331567,262
Arkhangel'sk,Region,Russia,RU,76.90386586138398,45.904063150814146,262
Arkhangel'sk,Region,Russia,RU,79.25385585364917,48.17609890929796,262
Astrakhan',Region,Russia,RU,46.803539482914175,47.04576197826115,155
Astrakhan',Region,Russia,RU,47.444887889111975,47.070225345775086,155
Bashkortostan,Republic,Russia,RU,53.39815853653885,56.27879530703481,209
Bashkortostan,Republic,Russia,RU,54.63799726397585,56.37350727812013,209
Belgorod,Region,Russia,RU,50.6073146284456,36.62945385834409,91
Belgorod,Region,Russia,RU,50.6073146284456,38.08871249297454,91
Bryansk,Region,Russia,RU,52.926441291303085,33.0491874177448,121
Buryat,Republic,Russia,RU,53.43967064568423,104.74598222087414,406
Buryat,Republic,Russia,RU,53.43967064568423,110.8332185237549,406
Chechnya,Republic,Russia,RU,43.071131185682354,45.76054239600222,68
Chechnya,Republic,Russia,RU,43.379873582062444,45.76475408412293,68
Chelyabinsk,Region,Russia,RU,53.696000528939535,60.04840880089104,193
Chelyabinsk,Region,Russia,RU,54.63831224104409,60.115597981949044,193
Chukot,Autonomous Province,Russia,RU,62.03057867606988,-179.99999999999991,25
Chukot,Autonomous Province,Russia,RU,62.479210969376666,-179.99999999999991,25
Chukot,Autonomous Province,Russia,RU,62.92781418492198,-179.99999999999991,25
Chukot,Autonomous Province,Russia,RU,63.376388646859944,-179.99999999999991,25
Chukot,Autonomous Province,Russia,RU,63.8249346862973,-179.99999999999991,25
Chukot,Autonomous Province,Russia,RU,64.27345264121028,-179.99999999999991,25
Chukot,Autonomous Province,Russia,RU,64.72194285636016,-179.99999999999991,25
Chukot,Autonomous Province,Russia,RU,65.17040568320702,-179.99999999999991,25
Chukot,Autonomous Province,Russia,RU,65.6188414798223,-179.99999999999991,25
Chukot,Autonomous Province,Russia,RU,66.06725061079953,-179.99999999999991,25
Chukot,Autonomous Province,Russia,RU,66.51563344716394,-179.9999999999999,25
Chukot,Autonomous Province,Russia,RU,66.96399036628024,-179.9999999999999,25
Chukot,Autonomous Province,Russia,RU,67.41232175175936,-179.9999999999999,25
Chukot,Autonomous Province,Russia,RU,67.86062799336355,-179.9999999999999,25
Chukot,Autonomous Province,Russia,RU,68.30890948691014,-179.9999999999999,25
Chukot,Autonomous Province,Russia,RU,68.75716663417401,-179.9999999999999,25
Chukot,Autonomous Province,Russia,RU,69.20539984278878,-179.9999999999999,25
Chukot,Autonomous Province,Russia,RU,69.65360952614651,-179.9999999999999,25
Chukot,Autonomous Province,Russia,RU,70.10179610329625,-179.9999999999999,25
Chukot,Autonomous Province,Russia,RU,70.5499599988414,-179.9999999999999,25
Chukot,Autonomous Province,Russia,RU,70.99810164283575,-179.9999999999999,25
Chukot,Autonomous Province,Russia,RU,71.4462214706782,-179.9999999999999,25
Chukot,Autonomous Province,Russia,RU,71.8943199230066,-179.9999999999999,25
Chukot,Autonomous Province,Russia,RU,72.34239744559098,-179.9999999999999,25
Chukot,Autonomous Province,Russia,RU,72.79045448922336,-179.9999999999999,25
Chukot,Autonomous Province,Russia,RU,73.23849150960805,-179.9999999999999,25
Chukot,Autonomous Province,Russia,RU,73.68650896725237,-179.9999999999999,25
Chukot,Autonomous Province,Russia,RU,74.13450732735407,-179.9999999999999,25
Chukot,Autonomous Province,Russia,RU,74.58248705968848,-179.9999999999999,25
Chukot,Autonomous Province,Russia,RU,75.03044863849453,-179.9999999999999,25
Chukot,Autonomous Province,Russia,RU,75.47839254236003,-179.9999999999999,25
Chukot,Autonomous Province,Russia,RU,75.9263192541058,-179.9999999999999,25
Chuvash,Republic,Russia,RU,55.31899501335021,47.175180198963496,77
Chuvash,Republic,Russia,RU,55.650422285601586,47.18538840007461,77
City of St. Petersburg,City,Russia,RU,59.93306158085833,30.075131884858074,37
Dagestan,Republic,Russia,RU,42.357402519972105,46.780551776953736,131
Dagestan,Republic,Russia,RU,43.8253200189442,46.81879268168636,131
Gorno-Altay,Republic,Russia,RU,50.83055998467365,86.8006342011123,199
Ingush,Republic,Russia,RU,42.89422869331706,44.94335339891769,30
Ingush,Republic,Russia,RU,43.30430549512223,44.94575996852101,30
Irkutsk,Region,Russia,RU,55.35582110943931,103.4820960427235,500
Irkutsk,Region,Russia,RU,55.35582110943931,111.22219625464022,500
Irkutsk,Region,Russia,RU,59.497002292324,104.43510670276551,500
Irkutsk,Region,Russia,RU,59.497002292324,110.26918559459821,500
Ivanovo,Region,Russia,RU,57.01979232592354,40.681444503903776,77
Ivanovo,Region,Russia,RU,57.01979232592354,42.60498966968077,77
Kabardin-Balkar,Republic,Russia,RU,43.41714918934921,43.2365758054934,59
Kabardin-Balkar,Republic,Russia,RU,43.41714918934921,43.80620220964376,59
Kaliningrad,Region,Russia,RU,54.80281645150156,20.48223525103947,54
Kaliningrad,Region,Russia,RU,54.80281645150156,22.053071679502786,54
Kalmyk,Republic,Russia,RU,46.472932083901675,44.15071911368959,191
Kalmyk,Republic,Russia,RU,46.472932083901675,45.10699801887906,191
Kaluga,Region,Russia,RU,54.28501401348452,35.21876804884564,113
Kamchatka,Territory,Russia,RU,54.674678878565345,162.4726653448988,446
Kamchatka,Territory,Russia,RU,60.660430646898924,163.72401152331813,446
Karachay-Cherkess,Republic,Russia,RU,43.82629272909249,41.61126712884011,72
Karachay-Cherkess,Republic,Russia,RU,43.82629272909249,41.984596213445336,72
Karelia,Republic,Russia,RU,62.31168769594932,33.00359707627044,191
Karelia,Republic,Russia,RU,64.88365939835121,33.352413760486314,191
Kemerovo,Region,Russia,RU,53.52244655333079,86.74847624583369,152
Kemerovo,Region,Russia,RU,55.48326008623944,86.8608368490606,152
Khabarovsk,Territory,Russia,RU,48.79658962664011,136.29630048952717,435
Khabarovsk,Territory,Russia,RU,56.56499693629539,137.45589680952537,435
Khabarovsk,Territory,Russia,RU,58.37327804429055,137.81629155334713,435
Khakass,Republic,Russia,RU,52.401413048046294,89.73685052097375,125
Khakass,Republic,Russia,RU,54.286645161119075,89.81962713372315,125
Khanty-Mansiy,Autonomous Province,Russia,RU,61.92585214523266,66.82873139832371,398
Khanty-Mansiy,Autonomous Province,Russia,RU,61.92585214523266,78.37448896910813,398
Kirov,Region,Russia,RU,57.892939787824886,49.77222000504466,205
Kirov,Region,Russia,RU,59.18527771828643,49.90144324745436,205
Komi,Republic,Russia,RU,62.806726137802755,53.800577551732474,427
Komi,Republic,Russia,RU,64.31534704446324,54.2591216706273,427
Kostroma,Region,Russia,RU,58.429791153500396,42.631401133488076,130
Kostroma,Region,Russia,RU,58.429791153500396,45.40916435723451,130
Krasnodar,Territory,Russia,RU,45.105735850277725,39.07545933588192,195
Krasnoyarsk,Territory,Russia,RU,60.1255181694698,81.76569822031608,315
Krasnoyarsk,Territory,Russia,RU,65.744267498866,82.97381579332686,315
Krasnoyarsk,Territory,Russia,RU,71.3401720053363,84.93882500157571,315
Krasnoyarsk,Territory,Russia,RU,76.89007545743908,88.61724036129942,315
Krasnoyarsk,Territory,Russia,RU,78.11933345193118,89.91475863772281,315
Kurgan,Region,Russia,RU,55.50720833302912,64.30539085941314,149
Kurgan,Region,Russia,RU,55.50720833302912,66.31431434078216,149
Kursk,Region,Russia,RU,51.7069235742326,35.33555592076287,86
Kursk,Region,Russia,RU,51.7069235742326,37.40151607020424,86
Leningrad,Region,Russia,RU,59.84536611520235,29.603873274012255,164
Leningrad,Region,Russia,RU,59.84536611520235,32.786643007115835,164
Lipetsk,Region,Russia,RU,52.728015818013034,39.088782201715894,94
Maga Buryatdan,Region,Russia,RU,62.34405166630187,152.84702311753924,417
Maga Buryatdan,Region,Russia,RU,62.34405166630187,155.44362629652352,417
Mariy-El,Republic,Russia,RU,56.58073696723162,46.997649605876695,84
Mariy-El,Republic,Russia,RU,56.58073696723162,48.84603935896737,84
Mordovia,Republic,Russia,RU,54.41188177254504,43.50866629456398,85
Mordovia,Republic,Russia,RU,54.41188177254504,45.40389702941085,85
Moscow City,City,Russia,RU,55.71207164938973,37.57089211791221,26
Moscow City,City,Russia,RU,55.77331037642967,37.57153093283828,26
Moskva,Region,Russia,RU,55.561195592321845,37.56045306849289,152
Murmansk,Region,Russia,RU,67.94444652254512,33.688930245620206,220
Murmansk,Region,Russia,RU,67.94444652254512,36.15570857884291,220
Nenets,Autonomous Province,Russia,RU,68.03233016936714,47.954280372358525,259
Nenets,Autonomous Province,Russia,RU,68.03233016936714,59.49907350947771,259
Nizhegorod,Region,Russia,RU,56.016156468679824,44.62221558890048,177
Nizhegorod,Region,Russia,RU,56.45754054322147,44.65500659844259,177
North Ossetia,Republic,Russia,RU,43.12289453332522,44.190034149556716,63
Novgorod,Region,Russia,RU,58.12221969189184,32.06214633678109,141
Novgorod,Region,Russia,RU,58.12221969189184,34.078875391735124,141
Novosibirsk,Region,Russia,RU,55.21974268121653,78.52761088817847,219
Novosibirsk,Region,Russia,RU,55.21974268121653,81.64337910205607,219
Omsk,Region,Russia,RU,54.95177530989199,73.08963854561445,171
Omsk,Region,Russia,RU,57.00465283998102,73.23495993689049,171
Orel,Region,Russia,RU,52.7884064331951,36.16429015075799,94
Orel,Region,Russia,RU,52.7884064331951,36.69772843444727,94
Orenburg,Region,Russia,RU,52.40828425440993,54.01167164124867,216
Orenburg,Region,Russia,RU,52.40828425440993,58.501260182482106,216
Penza,Region,Russia,RU,53.14335057145601,43.54297311454577,96
Penza,Region,Russia,RU,53.14335057145601,45.54977743477087,96
Perm',Territory,Russia,RU,57.908215113296,55.21958335563084,205
Perm',Territory,Russia,RU,59.807972058589456,55.414247960312345,205
Primor'ye,Territory,Russia,RU,45.09237670646033,134.46694896879052,320
Pskov,Region,Russia,RU,56.67759164724715,29.306768765114604,122
Pskov,Region,Russia,RU,57.88845924669437,29.373201735021045,122
Rostov,Region,Russia,RU,47.893619272420835,41.165279503312526,220
Ryazan',Region,Russia,RU,54.303359612635234,40.33236321750279,113
Ryazan',Region,Russia,RU,54.303359612635234,40.99970236477308,113
Sakhalin,Region,Russia,RU,47.63246693578577,147.81391490992013,496
Sakhalin,Region,Russia,RU,49.76236875386515,148.09988475290447,496
Sakha,Republic,Russia,RU,59.68806316022832,114.4273575421369,500
Sakha,Republic,Russia,RU,59.09421120184383,132.00044933911883,500
Sakha,Republic,Russia,RU,58.513937311033054,149.27693413849352,500
Sakha,Republic,Russia,RU,68.50968666778658,117.83039286784187,500
Sakha,Republic,Russia,RU,67.63829586219171,141.74280355755386,500
Sakha,Republic,Russia,RU,68.50968666778658,150.46605488606482,500
Sakha,Republic,Russia,RU,63.66317951121002,128.08508054984537,250.0
Sakha,Republic,Russia,RU,63.8019489348152,141.23325211259183,250.0
Sakha,Republic,Russia,RU,71.7348187220415,119.94855883104415,500
Sakha,Republic,Russia,RU,71.7348187220415,148.34788892286255,500
Sakha,Republic,Russia,RU,70.12225269491404,133.08914089535222,250.0
Samara,Region,Russia,RU,53.10483919345046,50.188383907122315,148
Saratov,Region,Russia,RU,51.29554995437789,44.96838246544925,169
Saratov,Region,Russia,RU,51.29554995437789,48.43942774573257,169
Smolensk,Region,Russia,RU,54.69409695924659,33.008866748587465,145
Stavropol',Territory,Russia,RU,44.91123081976637,42.67628528797281,145
Stavropol',Territory,Russia,RU,44.91123081976637,43.8731303004063,145
Sverdlovsk,Region,Russia,RU,57.33112957573913,61.860573870673534,25
Sverdlovsk,Region,Russia,RU,56.5724076237077,61.76647790317013,44
Sverdlovsk,Region,Russia,RU,57.28312434342771,61.78002812170358,44
Sverdlovsk,Region,Russia,RU,58.12869718179196,61.235984257751824,235
Sverdlovsk,Region,Russia,RU,59.79897935711394,61.43367641804807,235
Tambov,Region,Russia,RU,52.54021314656137,41.605092225778314,109
Tambov,Region,Russia,RU,52.801098996543146,41.61463947843093,109
Tatarstan,Republic,Russia,RU,55.354555452101664,49.629246186415465,149
Tatarstan,Republic,Russia,RU,55.354555452101664,51.85570864756928,149
Tomsk,Region,Russia,RU,58.23943558306938,80.11465666473129,298
Tomsk,Region,Russia,RU,58.23943558306938,84.30682160675347,298
Tula,Region,Russia,RU,53.83292730923544,37.429672798924855,99
Tuva,Republic,Russia,RU,51.71104813049555,92.0154393819294,223
Tuva,Republic,Russia,RU,51.71104813049555,95.9932657572309,223
Tver',Region,Russia,RU,57.17869402970069,33.82800156360589,182
Tver',Region,Russia,RU,57.17869402970069,35.36467498058379,182
Tyumen',Region,Russia,RU,57.464737678650614,69.36153446065386,269
Tyumen',Region,Russia,RU,57.464737678650614,70.72026027811602,269
Udmurt,Republic,Russia,RU,56.73605604508646,52.69319305963033,97
Udmurt,Republic,Russia,RU,57.6627101640995,52.73329010066083,97
Ul'yanovsk,Region,Russia,RU,53.71521937248604,47.83304441835381,131
Vladimir,Region,Russia,RU,55.946035388897776,39.841598676478064,95
Vladimir,Region,Russia,RU,55.946035388897776,41.41293318387358,95
Volgograd,Region,Russia,RU,49.28994386862409,44.23416642072746,215
Vologda,Region,Russia,RU,60.02312576892876,37.91130532770161,175
Vologda,Region,Russia,RU,60.02312576892876,43.99924002141984,175
Voronezh,Region,Russia,RU,50.81384221676352,40.226698051754994,142
Voronezh,Region,Russia,RU,50.81384221676352,40.93959223144847,142
Yamal-Nenets,Autonomous Province,Russia,RU,65.34249158428086,70.16574813434086,377
Yamal-Nenets,Autonomous Province,Russia,RU,69.86936530067364,71.89896031574918,377
Yaroslavl',Region,Russia,RU,57.513000339097985,39.21257492930445,111
Yaroslavl',Region,Russia,RU,57.94981870900521,39.23502636210719,111
Yevrey,Autonomous Region,Russia,RU,48.56628814667501,131.90470772058643,102
Yevrey,Autonomous Region,Russia,RU,48.56628814667501,133.52418632238255,102
Zabaykal'ye,Territory,Russia,RU,52.75676298175107,113.92034679029166,420
Zabaykal'ye,Territory,Russia,RU,54.477920524025876,114.18000721283508,420
Eastern Cape,Province,South Africa,ZA,-32.0856682990388,25.214636055241222,234
Eastern Cape,Province,South Africa,ZA,-32.0856682990388,27.71548250555002,234
Free State,Province,South Africa,ZA,-28.662311344380928,26.63822923095557,224
Free State,Province,South Africa,ZA,-28.662311344380928,27.493520875856216,224
Gauteng,Province,South Africa,ZA,-26.036002897277427,28.1348812774871,98
KwaZulu-Natal,Province,South Africa,ZA,-29.25963134882007,30.928509052528476,200
KwaZulu-Natal,Province,South Africa,ZA,-28.593858705007392,30.91541631044351,200
Limpopo,Province,South Africa,ZA,-23.763650991347607,28.202817947338108,183
Limpopo,Province,South Africa,ZA,-23.763650991347607,30.088556259205138,183
Mpumalanga,Province,South Africa,ZA,-25.751545844570952,30.16572061243348,193
North West,Province,South Africa,ZA,-26.362070833547975,24.562799376118992,193
North West,Province,South Africa,ZA,-26.362070833547975,26.36458023203534,193
Northern Cape,Province,South Africa,ZA,-28.77645741328095,21.102437581105633,454
Western Cape,Province,South Africa,ZA,-32.60594932966262,20.368826309578242,245
Western Cape,Province,South Africa,ZA,-32.60594932966262,21.612056335075085,245
Anhui,Province,China,CN,31.350132567700733,117.17243176311256,219
Anhui,Province,China,CN,32.65900591261563,117.20532526920309,219
Beijing,Municipality,China,CN,40.229964215098235,116.4436760578815,88
Chongqing,Municipality,China,CN,30.167594256129817,107.62277897384399,225
Fujian,Province,China,CN,25.72268293364934,118.28636884035004,245
Gansu,Province,China,CN,36.967780413272806,98.38229398600481,500
Gansu,Province,China,CN,36.967780413272806,103.09728212483519,500
Gansu,Province,China,CN,38.13232503049407,98.47068199683928,500
Gansu,Province,China,CN,38.13232503049407,103.00889411400073,500
Guangdong,Province,China,CN,22.84611788950368,112.52862209750845,294
Guangdong,Province,China,CN,22.84611788950368,114.44608645962082,294
Guangxi,Autonomous Region,China,CN,23.616836017358306,107.45989877758178,304
Guangxi,Autonomous Region,China,CN,23.616836017358306,109.07777517261405,304
Guizhou,Province,China,CN,26.898406797584663,106.16673204401451,255
Guizhou,Province,China,CN,26.898406797584663,107.01914289495083,255
Hainan,Province,China,CN,19.15799663335394,109.66730080497416,111
Hainan,Province,China,CN,19.15799663335394,110.21714438545584,111
Hebei,Province,China,CN,38.37746311495525,116.45823479935687,263
Hebei,Province,China,CN,40.20860743306528,116.53747654046026,263
Heilongjiang,Province,China,CN,47.301926269941795,127.13466702026196,450
Heilongjiang,Province,China,CN,49.35000600975981,127.3787308330799,450
Henan,Province,China,CN,33.84346667568294,113.34879462637831,277
Hubei,Province,China,CN,31.132982479799917,110.84435346283162,236
Hubei,Province,China,CN,31.132982479799917,113.65496752105561,236
Hunan,Province,China,CN,26.99214439178366,111.4387607608907,264
Hunan,Province,China,CN,27.72037125365847,111.45620159424395,264
Jiangsu,Province,China,CN,32.920356005619254,118.94382209677119,242
Jiangxi,Province,China,CN,26.606556087712573,115.94824583840253,237
Jiangxi,Province,China,CN,27.92136703541656,115.97637233667872,237
Jilin,Province,China,CN,43.52330502916374,125.36203920812699,302
Jilin,Province,China,CN,43.52330502916374,127.57162320642414,302
Liaoning,Province,China,CN,41.06313166500484,121.98815137867197,265
Nei Mongol,Autonomous Region,China,CN,41.75163855976598,103.20126149906969,500
Nei Mongol,Autonomous Region,China,CN,41.43850566773846,115.19056780957074,500
Nei Mongol,Autonomous Region,China,CN,41.75163855976598,120.05965616450476,500
Nei Mongol,Autonomous Region,China,CN,48.295570751784794,117.50665448105569,500
Nei Mongol,Autonomous Region,China,CN,48.69356293635192,119.27550436972497,500
Nei Mongol,Autonomous Region,China,CN,45.02360465577539,110.3539579900627,250.0
Nei Mongol,Autonomous Region,China,CN,45.06603430204519,117.23303608964785,250.0
Ningxia Hui,Autonomous Region,China,CN,36.54014014572284,105.9016509218875,146
Ningxia Hui,Autonomous Region,China,CN,38.05402541434387,105.93450870498617,146
Qinghai,Province,China,CN,35.348225617119816,94.16678157051905,433
Qinghai,Province,China,CN,35.348225617119816,98.29585728446187,433
Shaanxi,Province,China,CN,33.91991092426364,108.16355681653337,248
Shaanxi,Province,China,CN,37.31529889786787,108.27916171694835,248
Shandong,Province,China,CN,36.36771892011343,117.28288446396539,223
Shandong,Province,China,CN,36.36771892011343,120.22111333876933,223
Shanghai,Municipality,China,CN,31.20997598230317,121.62421537111481,73
Shanghai,Municipality,China,CN,31.20997598230317,122.06853365232287,73
Shanxi,Province,China,CN,36.212552108206374,112.26370689810798,182
Shanxi,Province,China,CN,39.077694152936544,112.34289636395772,182
Sichuan,Province,China,CN,30.096915899920575,102.11937712107382,459
Sichuan,Province,China,CN,30.096915899920575,103.77106477345771,459
Tianjin,Municipality,China,CN,39.09001926422946,117.3746763521292,58
Tianjin,Municipality,China,CN,39.72045034524864,117.38073881284909,58
Xinjiang Uygur,Autonomous Region,China,CN,38.700227519104644,79.309221390033,500
Xinjiang Uygur,Autonomous Region,China,CN,38.700227519104644,90.61364543125642,500
Xinjiang Uygur,Autonomous Region,China,CN,44.50361442243439,79.85128753542332,500
Xinjiang Uygur,Autonomous Region,China,CN,44.50361442243439,90.0715792858661,500
Xinjiang Uygur,Autonomous Region,China,CN,41.60192097076951,84.69040033794954,250.0
Xizang,Autonomous Region,China,CN,31.70668805229743,83.6810585272346,500
Xizang,Autonomous Region,China,CN,31.70668805229743,93.83558118223849,500
Yunnan,Province,China,CN,24.882757713306717,101.69916157139743,421
Zhejiang,Province,China,CN,29.14334505288662,120.33047317563663,224
Ashmore and Cartier Islands,Territory,Australia,AU,-12.38453184016485,123.19156376993625,25
Ashmore and Cartier Islands,Territory,Australia,AU,-12.38453184016485,123.3257396968608,25
Australian Capital Territory,Territory,Australia,AU,-35.65127527717892,149.08187301241543,30
Australian Capital Territory,Territory,Australia,AU,-35.396049642710494,149.08086055381617,30
Coral Sea Islands,Territory,Australia,AU,-20.124240806837552,152.41168736564808,343
Coral Sea Islands,Territory,Australia,AU,-19.182005687903324,152.3925759019213,343
Jervis Bay Territory,Territory,Australia,AU,-35.15649495228263,150.68255190620073,25
New South Wales,State,Australia,AU,-32.8821229730759,146.3434830821884,500
New South Wales,State,Australia,AU,-32.8821229730759,153.91062153206937,500
Northern Territory,Territory,Australia,AU,-21.492221793220438,133.7455482982404,492
Northern Territory,Territory,Australia,AU,-15.302682788807003,133.578485052511,492
Queensland,State,Australia,AU,-24.58706747886322,142.92867496453374,500
Queensland,State,Australia,AU,-24.58706747886322,148.61653682745882,500
Queensland,State,Australia,AU,-15.58591044030481,142.65333118981383,500
Queensland,State,Australia,AU,-15.58591044030481,148.89188060217873,500
Queensland,State,Australia,AU,-20.086488959584013,145.91027778335624,250.0
Queensland,State,Australia,AU,-13.69784385427002,142.61352263087986,500
Queensland,State,Australia,AU,-13.697843854270022,148.9316891611127,500
Queensland,State,Australia,AU,-14.641877147287417,145.79251017546326,250.0
South Australia,State,Australia,AU,-33.43899839928587,134.3793849755678,500
South Australia,State,Australia,AU,-30.40361067103086,134.20502920712514,500
South Australia,State,Australia,AU,-30.40361067103086,135.796603483305,500
Tasmania,State,Australia,AU,-50.41027793776657,150.86158676610623,500
Tasmania,State,Australia,AU,-43.53280465510408,150.0084042453334,500
Tasmania,State,Australia,AU,-43.53280465510408,152.7586703396276,500
Victoria,State,Australia,AU,-36.565652363081696,144.22267060937844,292
Victoria,State,Australia,AU,-36.565652363081696,146.71542448339508,292
Western Australia,State,Australia,AU,-30.57965060752827,118.13423379657847,500
Western Australia,State,Australia,AU,-30.57965060752827,123.78550497295319,500
Western Australia,State,Australia,AU,-21.588222445899405,117.74872987764897,500
Western Australia,State,Australia,AU,-21.588222445899405,124.17100889188269,500
Western Australia,State,Australia,AU,-26.083936526713835,121.15262134423058,250.0
Western Australia,State,Australia,AU,-18.149446284069835,117.64545407309429,500
Western Australia,State,Australia,AU,-18.149446284069835,124.27428469643738,500
Western Australia,State,Australia,AU,-19.86883436498462,121.01150728704317,250.0
